Comment,Annotation
uchi jati ka kachra hindu dram.. pr Hindu dram to uchha hai.. pr isme kachra hai,Hatespeech
"Maximum discrimination poor sc st ke saath hota hai.Unko toh iss act ke bare mein pta hi nhi hai.
Iss act ka jyadatar misuse hota hai.
Tumhare saath hota toh tumhe pta lagta.",Not Hatespeech
Abe  yaar suicide ki baat kar raha hai article 21 ke tehat phir saja ho jayegi,Not Hatespeech
Land k neeche rakhun me chamaron ko,Hatespeech
рдЕрд░реЗ рдорджрд░ рдЬрд╛рдд рдмреАрдмреАрд╕реА рд╕реБрдзрд░ рдЬрд╛ рдХрд┐рд╕реА рджрд┐рди рд╣рдорд╛рд░реЗ рд╣рддреНрдпрд╛ рдЪрдврд╝ рдЧрдпрд╛ рдирд╛ рддреЛ рддреЗрд░реА рдРрд╕реА рдХреА рддреИрд╕реА рдХрд░ рджреЗрдВрдЧреЗ рдЬрдп рдирдореЛ рдмреБрджреНрдзрд╛рдп,Hatespeech
Dr Ambedkar is social reformer maharana pratap is not social reformer he was power hungry ruler understand,Not Hatespeech
рдЗрди рдЬрд╛рдЯрд╡ рд▓реЛрдЧреЛрдВ рдХрд╛ рд╕рдирд╛рддрди рдзрд░реНрдо рд╕реЗ рдмрд╣рд┐рд╖реНрдХрд╛рд░ рдХрд┐рдпрд╛ рдЬрд╛рдпреЗ рдФрд░ рд╣рд┐рдВрджреВ рд╣реЛрдиреЗ рдХреА рд╡рдЬрд╣ рд╕реЗ рдЬреЛ рдЗрдиреНрд╣реЗ рдЖрд░рдХреНрд╖рдг рдорд┐рд▓рддрд╛ рд╣реИ рдЙрд╕реЗ рддрддреНрдХрд╛рд▓ рдмрдВрдж рдХрд┐рдпрд╛ рдЬрд╛рдпреЗ,Hatespeech
тАЛTu Siriya se bhaga thaтАЛЁЯШВ,Not Hatespeech
Can this RRR man can be priest for a day in any mandir?,Hatespeech
"ATUL KIRTI ANAND bhai atyachar ??? india me hum apus me ladhte rhe tabhi muslim ne faida utha liya aur hame mara wo bhi crore ki tadad me shivaji aur maharana ke karan hum abhi jinda he.. warna abhi tumhare hath me quran hoti tum ek bad yad rakho tumne buddh dharm apnaya he matlab tum kamjor ho isiliye tum logo ne hamara dharm choda tumne apni identity chodi jo ki hindu thi aur smartness dikha rahe ho ki yeah hum buddh ban gye pitna wala admi pitta hi rahega chahe tum log budh ban jao ya hindu to paristiti se ladhna sikho na ki apna identity badalwao brahmins are brain of hindu,ksatriya are power of hindu ,vaishya are courage for hindu and dalits are motivation for hindus overall we r hindu",Hatespeech
"Hierarchy is an aspiration of an individual. It's our psyche that inspires ,we want to keep someone down in order to feel superior. We easily understand the order or classification or categories.everybody wants good thing for themselves and bad things to others. Ex: white supremacy, Aryan race in Germany, hutu and Tutsi in Africa, Patriarchal system. Equality is always a struggler.",Not Hatespeech
"Cast system should not be there in India.
Equality should be there.
Plz don't judge my cast.
BBC you should stop destabilizing my country.",Not Hatespeech
Better to follow Sikhism for equality of life,Not Hatespeech
"Come to my state and repeat it, sc st people will show what is the real meaning of wrath.",Hatespeech
I just hate brahmans who endorsed castesim...and root cause of today's Hindu condition...but thanks to modi government who thinks about us,Hatespeech
Muslim dalit ko ek krne wale ye bhool jate hai Pakistan main dalit aaj bhik maang rhe hai wo bhi allah ke naam pr,Hatespeech
рдирд╛ рдЬрд╛рдиреЗ рдХрд┐рддрдиреЗ рд╕реНрд╡рд░реНрдг рдРрд╕реЗ рдЬрд┐рдирдХреЗ рдкрд╛рд╕ рдпреЛрдЧреНрдпрддрд╛ рддреЛ рд╣реЛрддреА рд╣реИ рдкрд░ рдиреМрдХрд░реА рдирд╣реАрдВ рдорд┐рд▓рддреА рд╕рд┐рд░реНрдл рдЕрдкрдиреА рдЬрд╛рддрд┐ рдХреА рд╡рдЬрд╣ рд╕реЗ рдЗрд╕рдкрд░ рдмреАрдмреАрд╕реА рдХреНрдпрд╛ рдХрд╣реЗрдЧреА,Not Hatespeech
Phir pakistan mai bomb se musalman kaise maarta hai ?? Waha bhi toh islam hai so called barabari waala,Hatespeech
i'm sorry to say but you're not alone in this field..,Not Hatespeech
Tum log gande ho.or Suar khate ho.,Hatespeech
Reservation basic jarurato me honi chaie..basic shiksha free coaching kuki vaha koi competition nai hota agar vaha milega to jyada fayada hoga or bhedbhav ki bhawna bhi kam develope hogi.. kuki higher education me reservation dene ka kya fayda..jab ek bachha vaha tak pahuchga to na competition dega..free coaching reservation se bethar options hai exam me sab barabar hoge kuki tyari baraba ki hogi..jo daud nai sakta with( due respect n empathy) uski line aage karne ya finishing line pahle rakhne se achha hai..usko prosthetic leg ya behtar ilaz dia jae..,Not Hatespeech
Hum to pehle se hi tute hue hai. Tute hue ko kya todna,Not Hatespeech
"Bhai in netaon ke chakkar mein padogay toh yeh saale apas mein hi ladvayeingay. Apne aap se mtalb rkho, khush rhogay",Hatespeech
Aisi situation me hame apna dharm change kr Lena chahiye,Not Hatespeech
тАЛрддреБрдо рд▓реЛрдЧ рдЕрдлреНрд░реАрдХрд╛ рд╕реЗ рднрдЧрд╛рдпреЗрдВ рд╣реБрдП рд▓реЛрдЧ рд╣реЛ рддрднреА рддреЛ рджрд▓рд┐рдд рд╣реЛред рдЖрд░реНрдп рд╣реА рднрд╛рд░рдд рдХреЗ рдореВрд▓рдирд┐рд╡рд╛рд╕реА рд╣реИ,Hatespeech
agr hindu ho toh Hinduism ki hi baat kro na fir.....dusro ke religion ko MTT lao.....usme agr wo guu khayenge toh tum bi khaoge ky?,Hatespeech
What is the difference between dalit and hindu...??....,Not Hatespeech
lgta h mandiro me chanda(bhik)  nhi mil rhi h,Not Hatespeech
maharun khud losers tha ЁЯШВЁЯШВ,Hatespeech
Sab Insan 1 hi hote he koi cohta bada nhi hota is Desh ka savdhaan lihkne Vale kon the ye hame maloom hona cahiye,Not Hatespeech
Chmar naaam nahi brand hai,Hatespeech
What fucking liar u guys always play victim card ...,Hatespeech
рджреБрд╕рд░реЗ рдХреЗ рднрд╛рд╡рдирд╛рдУрдВ рдХрд╛ рдЦрд┐рд▓рд╡рд╛рдбрд╝ рдФрд░ рдЬрдм рдЕрдкрдиреЗ рдкрд░ рдЖрдП рддреЛ рд▓реЛрдЧ рдЧрд▓рдд рдХрд░ рд░рд╣реЗ рд╣реИ рд╕рд╣реА рд╣реИ рдХрд▓рд╢ рдпрд╛рддреНрд░рд╛ рдирд╣реА рдирд┐рдХрд▓рд╛ рдЪрд╛рд╣рд┐рдП рдХрдм  рддрдХ рдЬрд╛рддрд┐ рдзрд░реНрдо рдХреЗ рдирд╛рдо рдкрд░ рд▓рдбрд╝рддреЗ рд░рд╣реЗрдВрдЧреЗ рдФрд░ рджреВрд╕рд░реЗ рдХреА рдЦреБрд╢рд┐рдпреЛрдВ рдХреЛ рд░реМрдВрджрддреЗ рд░рд╣реЗрдВрдЧреЗ,Not Hatespeech
"ЁЯШв They are Vanniya Kula kshatriya community discriminated against the Dalits.
These people are also mixing humans pee in Dalits water tank.
That case is also enquired by Cbcid.",Hatespeech
so wht god temples Brahamin control..Shiva temple?,Not Hatespeech
Naak me dum kr rhkha he ish sc st act ne mhadarchodo ne mujh par bhi jhunta act lgwa diya,Hatespeech
Haa Bhai tum hindu nahi ho...,Hatespeech
pta nhilog itna bkvas kyo krte h,Not Hatespeech
тАЛ re mughalput ЁЯШВ,Hatespeech
"BBC bas yahi rah gaya , koi Nahi pucchhta",Not Hatespeech
"рдмрд╣реБрдд рдЕрдЪреНрдЫрд╛ рдХрд┐рдпрд╛ рджрд▓рд┐рдд рд╕рдорд╛рдЬ  
рдЬрдм рджрд▓рд┐рдд рд╕рдорд╛рдЬ рдХреА рдпрд╛рддреНрд░рд╛ рдирд╣реАрдВ рдирд┐рдХрд▓рдиреЗ рджреА рддреЛ рдЖрдкрдХреА рдпрд╛рддреНрд░рд╛ рдХреИрд╕реЗ рдирд┐рдХрд▓реЗрдЧреА",Hatespeech
"Bahut hi saharniye kam dalit bhayio, SaluteтЭд",Not Hatespeech
Dalit Hindu nhi hote kya bhai ЁЯШЕЁЯШЕ,Not Hatespeech
AREY YE CHUTIYA RAVAN SIRF LOGO KO EK DUSRE KE KHILAF BHADKATA HAI,Hatespeech
тАЛтАЛтАЛ  рдХрд╛рд▓реНрдкрдирд┐рдХ рднреАрдо рдХреЗрд╡рд▓ рдХрд▓реНрдкрдирд╛ рдореЗрдВ рд╣реА рд╣реЛрддрд╛ рд╣реИ ред,Not Hatespeech
рдмреЛрджреНрдз рдзрд░реНрдо рд╣рд┐ рд╕рдорд╛рдирддрд╛ рджреЗ рд╕рдХрддрд╛ рд╣реЗ,Not Hatespeech
"рдЧрд▓рдд рдЪреАрдЬреЛрдВ рдХрд╛ рд╡рд┐рд░реЛрдз рдХрд░реЛ,рд╕рдВрд╡рд┐рдзрд╛рди рдФрд░ рдХрд╛рдиреВрди рдХреЗ рдЕрдиреБрд╕рд╛рд░ рдЪрд▓реЛ рд▓реЗрдХрд┐рди рдЖрдкрд╕ рдореЗрдВ рдмрдЯреЛрдВ рдордд рдХреНрдпреЛрдВрдХрд┐ рдЖрдкрд╕ рдореЗрдВ рдмрдЯреЛрдВрдЧреЗ рддреЛ рд╣рдо рд╕рдмреЛрдВ рдХрд╛ рдиреБрдХрд╕рд╛рди рд╣реЛрдЧрд╛ рдФрд░ рдЧрд┐рджреНрдз рдмреИрдард╛ рд╣реИ рд╣рдорд▓реЛрдЧ рдХреЛ рдмрд░реНрдмрд╛рджреА рджреЗрдЦрдиреЗ рдХреЗ рд▓рд┐рдПред",Not Hatespeech
wo to tumhe bhi pata h kiski jali aur kiski jal Rahi hЁЯШЖЁЯШЖЁЯШЖЁЯШЖЁЯШЖ,Hatespeech
True Bhai тАЛ,Not Hatespeech
Bhramanvadi broadcasting Corporation.,Not Hatespeech
"sc st рд╡рд╛рд▓реЛрдВ рдХреЛ рджреЗрд╢ рд╕реЗ рд╣реА рдирд┐рдХрд╛рд▓ рджреЛ,, рдЕрд▓рдЧ рджреЗрд╢ рджреЗ рджреЛ рдЗрддрдиреА рджрд┐рдХреНрдХрдд рд╣реЗ рддреЛ",Hatespeech
Dalit hindu nhi kab samjenge dalit,Not Hatespeech
Convert hona hain ho jao jitni Jaldi. Lekin tab bhi kuch nahin ban page tum log,Hatespeech
bout the discrimination they are still facing,Not Hatespeech
This is called true news .Bbc ur great. Thank you,Not Hatespeech
"Hmm, get educated...did you even read your history textbooks...ok ok leave that..tell me how did you even pass class 5th? Damn
No comparison can be laid between them
Stfu bro",Hatespeech
he said his teacher insulted him by calling him chamar not that he's chamar.,Hatespeech
"shiya, Sunni,ahmadia inese muslim hone ka matalab kab puchhoge? Vese 72 fikere hain sabse puchhn ker batao to maane.",Not Hatespeech
Bjp hatio dash bachio,Hatespeech
RRS se juda vayki kaise dalit ho sakta h....,Hatespeech
People still Ask FULL NAME nowadays too,Not Hatespeech
"Hume to patthar bas bagwan rang me bhi dekhe hai,",Not Hatespeech
mein bata raha hoon k jo aap jati k nam pe lad rahe ho ye dharm ko khatre mein dal raha hai,Not Hatespeech
"I'm dalit from Nepal 
Pls sister dont worry 
Here is not discrimination because we are all educated",Not Hatespeech
Bbc wale kewal ek paksh ki bahut hi tarkik tarike se video banate hain,Not Hatespeech
Hindu sb Bhai ha,Not Hatespeech
"Dalit Hindu? What a joke.
Have you heard about Sandeshkali or not??",Hatespeech
Bhai tum sab chamche the British ke ЁЯШЕ300 saal . Tribals ne kewal tir dhanush se ladai ki.Hindu mein kabhi unity nhi tha isliye 300 saal.,Hatespeech
"Sdggv agar tu itna hii layak hota to abhi ya youtube wattsup ni khel rha hota bhai 
Samjhe",Hatespeech
"рдЬрдп рдЫреЛрдЯрд╛ рднреАрдо 
Gay Bhim 
Gay mohmmad true",Hatespeech
Budhdha dharm apnane walo ko reservation nahi dena chahiyeЁЯЗоЁЯЗ│,Hatespeech
the only way to get rid of it is buddism,Not Hatespeech
Open and obc kind similar bro no problem im living in Maharashtra and doest find any kind of difference тАж Maharashtraian people is to down to earth тЭдя╕ПтЭдя╕П,Not Hatespeech
Jake pad le bsdk,Hatespeech
рдмреМрджреНрдз рднреА рд╕рдирд╛рддрди рдзрд░реНрдо рдХрд╛ рд╣реА рдПрдХ рд╣рд┐рд╕реНрд╕рд╛ рд╣реИ,Not Hatespeech
RSS se bach kar raho obc sc st bhaiyo,Hatespeech
Such shame on fake rajputs,Hatespeech
рд╕рдм рдЗрдВрд╕рд╛рди рд╣реИ рдорд╛рдирд╡рддрд╛ рдЬрд┐рдиреНрджрд╛рдмрд╛рдж,Not Hatespeech
Mera toh dil hi khush ho gaya.... Thank you bhai o ЁЯТЩЁЯТЩЁЯТЩЁЯСНЁЯСНЁЯФеЁЯФеЁЯФе,Not Hatespeech
Socho ager sbhi sfai kerna chod de socho ager koi in mre hur janwaron ko ese hi rehne de ? socho kya hoga isse,Hatespeech
bro Buddhism sanatan dharm se hi originate hua hai,Not Hatespeech
"тАЛ Why Should we leave reservation ? Before Constitution only upper caste people got reservations for 3000 years, and now it's our turn... Any problem ???",Not Hatespeech
Karlo behnchodo bsdk nallo suciede ЁЯШВЁЯШВ,Hatespeech
Manubad is completely against the humanity.,Not Hatespeech
S I am no one to teach society  and don't put me in different zone you are no one to preach me.  it's public platform and I have my freedom of expression.   I said what I practice and that's enough.  I along with my friend circle don't practice as I said in my comment.  You no nothing about me so don't preach. Your opinion and hatred can not restrict me commenting. Whatsoever I wrote I practice it and I don't give fucking care to anyone with precuidice including the people like you as well.,Hatespeech
Bitter reality of India,Not Hatespeech
рджреЗрд╢ рдореИ рдПрдХ рдирдпреА рдХреНрд░рд╛рдВрддреА рдЖрдпреЗрдЧреА рдЬрд╛рддрд┐рд╡рд╛рдж рд╣рдЯрд╛рдУ,Not Hatespeech
"Britain Ka Bakvas Channel - BBC , jisne Puri duniya ko gulam bana ke rakha vo dusro ko insaniyat ke path sikhata hai .",Hatespeech
"Yes,I remembered.Once my school teacher said  angrily -  Chamar ho Kya? She said in front of my some school friends and they started laughing at me. She was my class teacher. She had all my caste records. I don't  want to mention but she  was a Brahmin lady.
In  my school days, I was so confused. What should I do? Because I was not aware of Law. I didn't tell to anybody. Even my parents never know this incident.
Now 8 years past. 
If people say India is Caste free then it is completely Wrong.
After this incident,some other incident also happened. And all of these incidents broke my faith in Hindu religion. TODAY, I don't believe in any religion. Now I Just believe in God. I Don't give the name of my God. I just talk to unknown power. that's our creator.

Bharat me Hinduism 5 thousand year purana h. Tab se upper caste ko reservation tha. Dalit ko 1947 ke baad mila. Kewal 70 saalo me asliyat patta chale aap ko. 5000  year se jo reservation kewal upper caste ko mila tha uska jabab h apke pass?",Not Hatespeech
I think you have bunked the classes who in text their will British rule and after brish rule and ancient mughals history and rajputs warriors before British rule their is no mentioned of dalit was critized and after British yes zamindars critized dalits but past is past if you want revenge then get ready one of your dalits rape an oc girl who want to become a doctor and your st mother fucker who raped a 10 years girls dont say you are not have cruel mindset apna time be ayega aur jari bat karna ho tho apka number send karo aur tum kaha par reh the ho bol bulle,Hatespeech
Kounse ekta reservation ki time pe tum un dalit Bhai log ko chamar bangi bolte ho na unty my foot,Hatespeech
"...but it doesnt mean that castism is not in practice....
May be that you dont have a deep conections with your SC ST OBC friends..
You may not have the tendency to discriminate.. good
Hinduism and castism are complemetrary to each other..
Those who left hinduism because of its discriminatory ,inhuman, casteist practices created other sects which later emerged as jainism, sikhism, tyagi etc...
Do you know this historical chronology...",Not Hatespeech
рдХреБрдЫ рд▓реЛрдЧ рдмрд╛рдмрд╛ рд╕рд╛рд╣реЗрдм рдХрд╛ рд╕рдореНрдорд╛рди рдирд╣реАрдВ рдХрд░рддреЗред,Not Hatespeech
Achha tum ni bolre ho to kon bolra h..Kuchh b?? Koi Rona b ni rota h....Ladhh jhagad k Samaj me maar kha k...Yha tk aye h..or Ye Darja chhina h....All Credit Goes to Dr. B.R Ambedkar ki....Ek baar Shudra Family me paida hona...tk dekhna log kese differentiate krenge ....Swarn Family me Paida ho k ye bolna bhut asaan h....isliye tu bolra h ye.... ЁЯдгЁЯдгЁЯдгЁЯдгЁЯдг Sbko sach pta h...pr apne mere me bolne se drte ho na tm sb ЁЯднЁЯдн Kya hi bol skte ho.... Hindu-Muslim jo Krna h tm logo ko ЁЯШЕЁЯШЕ Hum to apne hi dharm se tortured h....to Kya hi Beleive kre apne dhrm se....,Hatespeech
iske peeche creamy layer sc st ki sajish ho sakti hai jis se duniya ke samne ye sabit ho jaye ki daliton ke upar aaj bhi atyachar ho raha hai aur iske jariye wo apne milne wale reservation ko justify kar sake.,Not Hatespeech
Jaton Ne bahut sahi Kiya Jay Bheem,Not Hatespeech
"рдореВрд▓ рдирд┐рд╡рд╛рд╕реА рд╣реИрдВ рд╣рдо рд▓реЛрдЧ sc st obc рдФрд░ рдореБрд╕рд▓рдорд╛рди ,,редредредредредред General рд╡рд╛рд▓реЗ рд╕рдм рд╡рд┐рджреЗрд╢реА рд╣реИрдВ рдмреНрд░рд╛рд╣реНрдордг рдХреНрд╖рддреНрд░рд┐рдп рдмрдирд┐рдП ,,,, рдЪрд▓реЗ рдЬрд╛рдУ рджреЗрд╢ рдЫреЛрдбрд╝ рдХрд░ , рд╡реЛ рднреА рдмрд┐рдирд╛ рдкрд┐рдЯреЗ рдЕрдЧрд░ рдорд╛рд░ рдЦрд╛ рдХрд░ рдЬрд╛рдирд╛ рд╣реЗ рддреЛ рд╡реЛ рд╡реНрдпрд╡рд╕реНрдерд╛ рднреА рдХрд░ рджреЗрдВрдЧреЗ",Hatespeech
рдЬрдп рднреАрдо рдЬрдп рднрд╛рд░рдд рдиреАрд▓рд╛ рд╕рд▓рд╛рдо,Not Hatespeech
рд╕рдВрдШ рдХреЗрд╡рд▓ рдКрдВрдЪреА рдЬрд╛рддрд┐рдпреЛрдВ рдХреЗ рд▓рд┐рдП рд╣реИ рддрднреА рддреЛ рд╕рдВрдШ рдореЗрдВ рдХрд╛ рд╣реЗрдб рдХреЛрдИ рджрд▓рд┐рдд рдирд╣реА рдмрдирд╛,Hatespeech
Jai bheem jai sri ram,Not Hatespeech
Propaganda fir se start kar diya BBC ne. mai hindu hu meri muh boli bhen ek valmiki hai mujhe toh esa nahi lagta,Not Hatespeech
Hindu religion is based on discrimination and bhedbhaw.. It's necessary in Hindu religion,Hatespeech
Beauty of Hinduism,Not Hatespeech
рдЪреЛрдЯреА рд╡рд╛рд▓реЗ рд▓рдВрдб рдкреБрдЬрд╛рд░реА рд╣рд░ рдЬрдЧрд╣ рдирдлрд░рдд рдлреИрд▓рд╛рддреЗ рд╣реИрдВред,Hatespeech
BBC ko bharat me ban kardena chahiye BBC biased he,Not Hatespeech
Sahi kiya hai sc samoday ne,Hatespeech
"Why they temple? Highly brainwashed innocence people and accepting themselves as Dalits due to evil environment socially and political also. Hypocrite nonsense people should be banned, who believe in superstition, activities, discrimination, exploitation illogical mindset ЁЯС╣ЁЯР╕. 

It's happening due to poor education system and corrupt politics ЁЯР╕, intellectual mindset people should take strict action against evil society.",Hatespeech
British era made the new religion Hinduism 160 years ago. Hindus were a minority as a new copy cat religion. The Chandalas and athishudras were paper converted to make for majority in votes.,Hatespeech
"Bro 6th class ka lesson yaad karadu human is a social animal, itna aasan nhi hota jo tu keh raha hai baat discrimination khatam karne ki chal rahi hai ye nhi k ko discriminate karta hai to kari jaye hum alag ho k chal lete hain",Not Hatespeech
рдЖрд░рдПрд╕рдПрд╕ рдХрд╛ рдорддрд▓рдм рд░рд╛рд╖реНрдЯреНрд░реАрдп рд░рдВрдбреБрд╡рд╛ рдкрд╛рд░реНрдЯреА,Hatespeech
рдпрд╣рд╛рдВ рд╕реЗ рдЖрдЧреЗ рдпрд╣реА рд╣реЛрдЧрд╛ рддреБрдо рдордд рд░реЛрдХреЛ рдХреЛрдИ рдирд╣реАрдВ рд░реЛрдХреЗрдЧрд╛,Hatespeech
"to sc st pe anayay karna band kardo ,unko respect do,
Aur jo dharma granth ye jatiwad failate hai unhe jala ke phekdo,
Jatiwad khatam ho gaya to koi act hi nahi rahega aur koi case hi nahi banega ,
Na rahega baas na bajegi basuri",Hatespeech
Dalito ko inse ladna chahiye. Hindu dharm bhi chhod dena chahiye sabse pehle. Villages se nikal kar cities ki taraf jaane ki koshish karni chahiye tabhi kuch ho sakta hai,Not Hatespeech
тАЛ 2047ma hoga,Not Hatespeech
рдард╛рдХреБрд░ рд╕рдорд╛рдЬ  рддреЛ Jatvo рдХреЛ рд╣рд┐рдиреНрджреВ рдирд╣реАрдВ рдорд╛рдирддреЗ,Hatespeech
"With this logic, women should leave Islam",Not Hatespeech
тАЛрдкреВрд░реЗ рднрд╛рд░рдд рдореЗрдВ рдРрд▓рд╛рди рдХрд░ рджреЛред рдФрд░ 15 рдорд┐рдирдЯ рдХрд╛ рд╡рдХреНрдд рджреЗ рджреЛ рднрд╛рд░рдд рд╕реЗ рд╕рд╛рд░реЗ рдард╛рдХреБрд░ рд╕рд╛рдл рдирд╛ рд╣реЛ рдЬрд╛рдП рддреЛ рджреЗрдЦ рд▓реЗрдирд╛ рдореБрдЧрд▓ рдкреБрддреНрд░ред,Hatespeech
Sc samaj ko slut,Hatespeech
ye admi anpadh he raigar ya fattu,Hatespeech
"Kya ?...
beta haad me rho vrna jati ki hasti miit jaaygi tumahri",Hatespeech
bakchod bhai yahan sc st walo ke liye special hostel banaya hai campus k andar par general students k lawde lagwa diye hainn. Jab reality saamne aati hai toh sab majak lagne lagta hai,Hatespeech
dude I'm a man.,Not Hatespeech
"рдЬрдп рдЫреЛрдЯрд╛ рднреАрдо 
Gay Bhim 
Gay mohmmad true",Hatespeech
"tujhe point chiye
2% sarkari nokri reservation 49% vo bhi 71% logo ka liya 
100% reservation ha 5000 sal sa tab kya hua 
Tuna ek bar bhi jatiwad ka reservation khatm kyu nhi kiya 100% tha phela 
Or ab 85.60% ha is desh ma",Not Hatespeech
oooooo OBC bhi apne aapko Swarn Manne lage. Akhilesh ke bad Gai ke mut de dhoya tha CM house,Hatespeech
Hmm sabhi hindu sabhi milke rhenge prem se,Not Hatespeech
"kaha hai report, 
Yeh faltu ke dhande chodke padhai likhai ,kaam kaaj pe dhyan do, Varna baad me reservation ko dosh doge ,tumhe har cheez criticism ki adat padh chuki hai",Not Hatespeech
Bilkul sahi Kiya dalit bhajan unke sath Bhi Tum log Kitna galat vyavhar karte ho abhi to socho,Hatespeech
"Finally Round - 7
Dalit Dragons(DD) Vs Thunder Thakurs(TT)

DD vs TT
5.        5

Waiting for round 8",Not Hatespeech
"bhai aise 2 hi Raja the jo kisi jaatiyon ko nahi mante the aur har aurat ko apni maa saman mante the 
Aur hamare Dr Babasaheb Ambedkar bhi unhi se inspire hue the swarajya me kaanun lane ke liye . Hum kisi jaati ko nahi maante 
Jai Bhavani Jai Shivaji ЁЯЩП",Not Hatespeech
Achcha kiye mere bhai jai bhim ЁЯТЩЁЯТЩЁЯТЩЁЯТЩ,Not Hatespeech
"The background is of LUCKNOW.
And i am for the same place",Not Hatespeech
Dalit kyo jaate hai mandir unke liye mandir nhi hai is mhila ke saat jo hua bhut shi huaa aakir use apni aukaat ptaa chal gyi hogi,Hatespeech
рикри┐рй░риб рикри┐рй░риб ри╕ри╝ри╣ри┐ри░ ри╕ри╝ри╣ри┐ри░ ридри╛ ри╕ри╝ри░ри╛рим рижрйЗ риарйЗриХрйЗ риЦрйЛри▓рйНри╣рйЗ риЧриП ри╣рии,Not Hatespeech
Muslim kaha se aye bech Mai yaha pe hindu dhram ki baat ho rahi hai andbhakt,Hatespeech
All the best sister u just fight with them u have good future and make yourself a role model to other may GOD bless u,Not Hatespeech
Gobar ko chhod k tatti ko best nahi bol sakte samjhaa,Hatespeech
"рдХреБрдЫ рднреА рд╣реЛ рдЬрд╛рддрд╛ рд╣реИ рд╡рд╛рдкрд╕ рддреЛ рдирд╣реАрдВ рд╣реЛрддрд╛ рдЦреБрд▓реА рджрдордХреА, рдмрд╛рдд рдХрд░рддреЗ рд╣реИрдВ рдмрдЯреЛрдЧреЗ рддреЛ рдХрд╛рдЯреЛрдЧреЗ",Hatespeech
рд╕рдорд╛рдирддрд╛ рдХрд╣рд╛рдВ рд╣реИ рд╣рд┐рдиреНрджреБрдУрдВ рдореЗрдВ рджрд▓рд┐рддреЛрдВ рдХреЛ рд╣рдореЗрд╢рд╛ рдШреГрдгрд┐рдд рджреГрд╖реНрдЯрд┐ рд╕реЗ рджреЗрдЦрд╛ рдЬрд╛рддрд╛ рд╣реИ рдЕрддреНрдпрд╛рдЪрд╛рд░ рдХрд┐рдП рдЬрд╛рддреЗ рд╣реИрдВ рддреЛ рд╕рдорд╛рдирддрд╛ рдХрд╣рд╛рдВ рд╣реИред,Hatespeech
Teri mooch kya tu ganja kiya jayega. Time aane de,Hatespeech
thmja auakt dekh kar ЁЯШВЁЯШВЁЯШВ,Not Hatespeech
рджрд▓рд┐рдд рднрд╛рдИрдпреЛ рдиреЗ рдмрд┐рд▓реНрдХреБрд▓ рдареАрдХ рдХрд┐рдпрд╛,Not Hatespeech
U mentioned wrong. Few sc sts face discrimination but all the generals have to suffer reservation тАЛ,Not Hatespeech
рдЬреИрд╕реА рдХрд░рдиреА рд╡реИрд╕реА рднрд░рдиреА,Not Hatespeech
"ЁЯШВ dei untouchables ро╡ро╛роп роорпВроЯрпБ.
рокро▒рпИропройро╛
рокро│рпНро│ройро╛
роЪроХрпНроХро┐ро▓ро┐ропро╛
рокрпБро▓рпИропро╛рой 
ро╡ро│рпНро│рпБро╡ройро╛
ро╡рпЖроЯрпНроЯро┐ропро╛ройро╛ роЯро╛",Hatespeech
рдЬреЛ рджрд▓рд┐рдд рд╕рдВрдШ рдореЗрдВ рд╣реИ рдЙрди рджрд▓рд┐рддреЛрдВ рдХреЛ RSS рд╕рд┐рд░реНрдл рдЗрд╕реНрддреЗрдорд╛рд▓ рдХрд░рдХреЗ рдЯреВрдердкрд┐рдХ рддрд░рдл рдлреЗрдВрдХ рджреЗрддреА рд╣реИред рд╡реЗ рдмрд╛рдмрд╛ рдЕрдВрдмреЗрдбрдХрд░ рдХреЛ рд╕рд┐рд░реНрдл рдирд╛рдо рдорд╛рддреНрд░ рдХреЗ рд▓рд┐рдП рдорд╛рдирддреЗ рд╣реИред RSS рд╕рдЪ рдореЗрдВ рдЕрдЧрд░ рджрд▓рд┐рддреЛрдВ рдХреЛ рдЕрдкрдиреЗ рдмрд░рд╛рдмрд░ рдорд╛рдирддреА рд╣реИ рддреЛ рдХрд┐рд╕реА рднреА рдордВрджрд┐рд░ рдореЗрдВ рдЙрдиреНрд╣реЗ рдкреБрдЬрд╛рд░реА рдмрдирд╛ рджреЗред рдФрд░ рд░рд╣реА рдмрд╛рдд рдореБрд╕рд▓рдорд╛рдиреЛ рдХреАред рдХреЛрдИ рднреА рдзрд░реНрдо рдХрд╛ рд╡реНрдпрдХреНрддрд┐ рдЗрд╕реНрд▓рд╛рдо рдЕрдкрдирд╛рдХрд░ рдЗрд╕реНрд▓рд╛рдореА рд╢рд┐рдХреНрд╖рд╛ рдкреНрд░рд╛рдкреНрдд рдХрд░рд▓реЗ рддреЛ рдореБрд╕рд▓рдорд╛рди рдЙрд╕реЗ рдЗрдорд╛рдо рдмрдирд╛ рджреЗрддреЗ рд╣реИред рдорд╕реНрдЬрд┐рдж рдореЗрдВ рдЬреЛ рдкрд╣рд▓реЗ рдЖрдпреЗрдЧрд╛ рдЖрдЧреЗ рдЦрдбрд╝рд╛ рд╣реЛрдЧрд╛ рд▓реЗрдХрд┐рди рдордВрджрд┐рд░ рдореЗрдВ рджрд▓рд┐рддреЛрдВ рдмреНрд░рд╛рдореНрд╣рдг рдХреЗ рдмрдЧрд▓ рдмреИрдард╛ рджреЛред рдЙрд╕рдХреА рдЪрдордбрд╝реА рдЙрдзреЗрдбрд╝ рд▓реЗрдВрдЧреЗред,Hatespeech
"Jab tak ye village me rahenge tab rak ye samnati manuwadi jatiwadi gunnde jatiwad karenge inme himmat nahi larne ki , pado likho bolo pistal lati Dante hockey stick rakho aur city ma aao",Hatespeech
Real cast kya chamari hogi Tu,Hatespeech
Are kya enki kalash yatra yrr thoda tho dimag se socho tum bhi tho hindu hi ho mere dalit bhai aur bagwan ke kam me kyo ladai bagwan se bada koi nahi Jai Shree Ram,Not Hatespeech
"Bro biggest caste discrimination today is supported by the state itself through the caste based reservations. Reservation if really needed should be given only to economically weak , orphans , physically challenged kids ... but not caste based . Best would be reservations be replaced by scholarships n free coaching n training to deserving youngsters / kids  irrespective of caste . 
That will help big time not only improving man power n work force of our country but also break the whatever is left of caste based discrimination.",Not Hatespeech
But you are muslim,Not Hatespeech
Kawad Yatra me sab se jyada dalit hote he or yakin Mano dhrm ki khujli sab se jyada Jo gareeb hote he unko Hoti heЁЯШВЁЯШВЁЯШВЁЯШВ,Hatespeech
Dalito ne thakuro ki kalsh yatra roki to sabhi news walo ko imandari jag gai. Yaha to har roj dalito atyaachaar hota hai tab in reporter ke kan par zu tak nhi rengti haiЁЯШВЁЯШВ,Hatespeech
people do avoid SC once they know - fact.,Not Hatespeech
"2016 рдФрд░ 2017 рдХрд╛ рд╡рд┐рдбрд┐рдпреЛ рджрд┐рдЦрд╛ рдХрд░ рдЖрдЬ рдХреЗ рдЪреБрдирд╛рд╡ рдХреЛ рдХреНрдпрд╛ рдХрд░рдирд╛ рдЪрд╛рд╣ рд░рд╣реЗ ,рдФрд░ рдкрд╛рд▓рдШрд░ рдореЗрдВ рдЬреЛ рд╕рд╛рдзреБрдУрдВ рдХреЛ рдорд╛рд░рд╛ рдЙрд╕ рдкрд░ рдХреНрдпреВ рдирд╣реА рд╡рд┐рдбрд┐рдпреЛ рдмрдирд╛рддреЗ рдореБрд╕реНрд▓рд┐рдо рдиреЗ рдХреБрдЫ рдирд╣реА рдХрд┐рдпрд╛ рд╣рд┐рдиреНрджреВ рд▓реЛрдЧреЛ рдХреЗ рд▓рд┐рдП рдХреНрдпрд╛ рдЗрд╕реЗ рдХреЛрдИ рдХреНрд░рд╛рдЗрдо рдирд╣реА рд╣реБрдЖ 2016 рдХреЗ рдмрд╛рдж",Hatespeech
Sabse zyada ST/SC act OBC pe hi lagte hai . Dalit galat faida bhi uthaate hai iss act ka .,Hatespeech
Mai bhi dalit hu but but Esa sirf kam hi jagah hota hai ! Ab waqt badal rha hai hai ... Ha England me Hindu logo me hamle hote hai to to Ye BBC Nahi dikhayega!,Not Hatespeech
ek kaam karna general Wale apne resources land property etc  sc st OBC ko de do...jo sc st ke pass hai vo tum rakh lo,Hatespeech
Fuck off Sree ram,Hatespeech
"there are plenty of evidence. Archaeological as well as astronomical.
The texts mention exact geographical location with exact stars position. 
If we run the simulation of that we know what year this was.
Learn more and read more.
I am not going to spoon feed you in comments.
There are white papers also on various subjects. Go search and find out.",Not Hatespeech
"рдкрд░рдо рдкреВрдЬреНрдп рд╡рд┐рд╢реНрд╡ рд░рддреНрди рдмрд╛рдмрд╛ рд╕рд╛рд╣рдм рдбреЙ .рднреАрдорд░рд╛рд╡ рд░рд╛рдордЬреА рдЕрдореНрдмреЗрдбрдХрд░ рдЬрд┐рдВрджрд╛рдмрд╛рджЁЯОЙЁЯОЙЁЯОЙ
рдЙрдирдХрд╛ рд╡рд┐рд░реЛрдз рд╡рд╣реА рдХрд░рддреЗ рд╣реИ рдЬрд┐рдирдХреА рд╕реЛрдЪ 200 рд╡рд░реНрд╖ рдкреАрдЫреЗ рд╣реИред
тЭдтЭдтЭдтЭд рдЪрдВрджреНрд░рд╢реЗрдЦрд░ рдЖрдЬрд╝рд╛рдж рдЬрд┐рдВрджрд╛рдмрд╛рдж тЬЕ рдЬрдирддрд╛ рдФрд░ рдпреБрд╡рд╛рдУрдВ рдХреЗ рдореБрджреНрджреЛ рдХрд╛
рдирд╡ рднрд╛рд░рдд рдХрд╛ рдЙрдЧрддрд╛ рд╕реВрд░рдЬ,
рд╡рд┐рд╢реНрд╡ рдХрд╛ рд▓реЛрдХрдкреНрд░рд┐рдп рд╕рдЪреНрдЪрд╛ рдиреЗрддрд╛
ЁЯОЙЁЯОЙЁЯОЙЁЯОЙ
тЭд Chandrashekhar Azad Zindabad тЬЕ On the issues of public and youth
The rising sun of new India,
popular true leader of the world ЁЯМН",Not Hatespeech
рдкреАрдЯрд╛ рднреА рдерд╛ рдФрд░ рдирд┐рд░реНрд▓рдЬреНрдЬ рдЖрдЬ рднреА рд╣рд┐рдиреНрджреВ рдмрдиреЗ рдлрд┐рд░ рд░рд╣реЗ рд╣реИрдВ,Hatespeech
So called Victim BBC ko ese logo ki jarurat rhti h,Hatespeech
"рдПрдХрджрдо рд╕рдЪреНрдЪреА рдФрд░ рдЧрд╣рд░реА рдмрд╛рдд рдХрд╣реА рдЖрдкрдиреЗ  ЁЯСМЁЯСНЁЯл╢ 



рдЬрдп рд╣рд┐рдиреНрджреБрддреНрд╡ ЁЯЪйЁЯЪйЁЯЪйЁЯЪй",Not Hatespeech
wo dekho bhai tumhare cast ke log buddhist temple bodhgaya pe adha kabja banake rakhe hai magar humne kabhi kuchh bola nahi is bat par.,Hatespeech
тАЛтАЛ wasi wapis Jane ki tyari karo central asiaЁЯШВ,Hatespeech
"рдирдиреНрджрд░рд╛рдо рдЬреА рдХреЛ рдкреНрд░рдгрд╛рдо,  рдХрд┐рддрдиреЗ рд╕рдордЭрджрд╛рд░ рдФрд░  рдмреБрджреНрдзрд┐рдорд╛рди рд╣реИред рд╕рднреА рд▓реЛрдЧреЛ рдХреЛ рд╕рдорд╛рдирддрд╛ рдХрд╛ рдЕрдзрд┐рдХрд╛рд░ рд╣реИред рд╕рдордп рдмрджрд▓ рд░рд╣рд╛ рд╣реИред",Not Hatespeech
Jatav Samaj ki jitani tarif ki jaye kam h,Not Hatespeech
Yes it's true in my village people of uppper caste make provocable remarks,Not Hatespeech
"ho sakta hai , lekin ye act ka рджреБрд░реБрдкрдпреЛрдЧ рдЬреНрдпрд╛рджрд╛ рд╣реЛрддрд╛ рд╣реИ рдпрд╣ highcourt, supreme court se lekar law commission ki report kai baar kah chuki hai.",Not Hatespeech
You are great BBC news тЭдтЭдтЭдтЭд,Not Hatespeech
Don't be worried about caste system.  come to   South IndiaтЪб,Not Hatespeech
тАЛ sale vaha pe agar dalit haw hote to phir itna salo Tak Nepal sare upper cast log hote dimag treatment karva le dr Ambedkar ki vajh se ter jaise log yaha muh khul raha hai  nahi to use pehle tumlog upper cast Ghulam ho the samjha hindu dhram jativad dhram hai chal hat tu pakka koi upper cast hai nahi tj dalit dr Ambedkar respect karte hai rss Ghulam,Hatespeech
рдмрд╛рдмрд╛ рдФрд░ рдХрд▓рд╢ рдпрд╛рддреНрд░рд╛ рдЕрд▓рдЧ рд╣реИрдВ рдмрд╛рдмрд╛ рдХрд╛,Not Hatespeech
we wuzz buddhisht and shiet,Hatespeech
Ahmadimirzaai bi ek firqaa jo bewaqufi par bana hua hai,Hatespeech
Manuwadio ne ye video banayi hai... is video ko dekh ke pata chal gaya ki manuwadi hak ki ladai ladne walo ki awaz dabaywnge... ye channel manuwadi h brhamin wadi h,Hatespeech
"If Britishser do than why u fuking peoples do toady after 1947 . 
Besharmo doob maaro",Hatespeech
"bas ab yahan Hindu, Muslim , Dalit yahi chalega ?",Not Hatespeech
Salo ek  рдкрдХреНрд╖  ki khabar dikhate ho dusre  рдкрдХреНрд╖  ki khabar bhi dikhao haramiyo ajenda bad ye sab sale bhim army ban bhim aemy,Hatespeech
"рдорд╛рдл рдХрд░рдирд╛ рдореИрдВ рдЬреЛ рдЖрдЧреЗ рд▓рд┐рдЦрдиреЗ рдЬрд╛ рд░рд╣рд╛ рд╣реВрдВ. рдкрд╣рд▓реЗ рд╣реА рдорд╛рдлреА рдорд╛рдВрдЧ рд░рд╣рд╛ рд╣реВрдВ.
рдореБрдЭреЗ рд▓рдЧрддрд╛ рд╣реИ рджрд▓рд┐рдд рд▓реЛрдЧ рдЪреБрддрд┐рдпрд╛ рд╣реИ. рдЗрддрдирд╛ рдЬрд╝рд▓реАрд▓ рд╣реЛрдХрд░ рднреА рд╡рд╣реА рдЧрд╛рдВрдбрд╝ рдорд░рд╡рд╛ рд░рд╣реЗ рд╣реИ.
рдЕрд░реЗ рдмреЛрд▓ рджреЛ -- рдЬрд╛ рднреЛрд╕рдбреАрдХреЗ, рдирд╣реАрдВ рдЖрддреЗ рддреЗрд░реЗ рдордВрджрд┐рд░ рдореЗрдВ. рдЕрдкрдирд╛ рдЦреБрджрдХрд╛ рдмрдирд╡рд╛рдпреЗрдВрдЧреЗ. рдореИрдВ рддреЛ рдмреЛрд▓рддрд╛ рд╣реВрдВ рдХреЛрдИ рдордВрджрд┐рд░ рд╡рдВрджрд┐рд░ рдЬрд╛рдиреЗ рдХреА рдЬрд░реВрд░рдд рдирд╣реАрдВ.
рдХреЛрдИ рднрдЧрд╡рд╛рди рдирд╣реАрдВ рдЖрдиреЗ рд╡рд╛рд▓рд╛ рдИрдирдХреА рднрд▓рд╛рдИ рдХрд░рдиреЗ. рдЕрдкрдиреЗ рдмрдЪреНрдЪреЛрдВ рдХреЛ рдкрдврд╝рд╛рдУ рдмрд╕ ред",Hatespeech
"рд╣рдо рдирдП рдкреАрдврд╝реА рдХреЗ рд▓реЛрдЧ рд╣рдорд╛рд░реА рд╕реЛрдЪ рдХреИрд╕реА рд╣реЛрдиреА рдЪрд╛рд╣рд┐рдП рдФрд░ рд╕рдордп рдХреЗ рд╕рд╛рде рдХреИрд╕реЗ рдмрджрд▓рдирд╛ рдЪрд╛рд╣рд┐рдП  редрдпрд╣ рд╕реЛрдЪрдиреЗ рдХреЗ рд▓рд┐рдП рдЖрдЬ рд╣рд░ рдХреЛрдИ рд╡рд┐рд╡рд╢ рд╣реИ, рд╣рд░ рдХреЛрдИ рд╕рдореНрдорд╛рди рдХреЗ рд╕рд╛рде рдЬреАрдирд╛ рдЪрд╛рд╣рддрд╛ рд╣реИ рдЗрд╕рдореЗ рдХреЛрдИ рдЧрд▓рдд рдмрд╛рдд рднреА рдирд╣реАрдВ рд╣реИ, рд╕рднреА рдЕрдкрдиреЗ рдЕрдкрдиреЗ рд╣рдХ рдХреА рд▓рдбрд╝рд╛рдИ рд▓рдбрддреЗ рд╣реИ рдЗрд╕рдореЗ рднреА рдХреЛрдИ рдЧрд▓рдд рдмрд╛рдд рдирд╣реАрдВ рд╣реИ редрдХрд┐рдиреНрддреБ рд╕рдмрд╕реЗ рдорд╣рддреНрд╡рдкреВрд░реНрдг рдмрд╛рдд рдпрд╣ рд╣реИ рдХрд┐ рд╣рдо рдХреИрд╕реЗ рд╕рдорд╛рдЬ рдХрд╛ рдирд┐рд░реНрдорд╛рдг рдХрд░ рд░рд╣реЗ рд╣реИ рдФрд░ рдХреИрд╕рд╛ рд╕рдорд╛рдЬ рд╣рдо рдЖрдиреЗ рд╡рд╛рд▓реЗ рдкреАрдврд╝реА рдХреЗ рд▓рд┐рдП рдЫреЛрдбрд╝рдХрд░ рдЬрд╛рдРрдЧреЗред",Not Hatespeech
рдмрдЧреИрд░  Tai  рдХреЗ  рд╡рдХреАрд▓,Not Hatespeech
why you are not going Pakistani Hindu situation.cover so many temple convert into meat shop.ЁЯШоЁЯШоЁЯШоЁЯШоЁЯШоЁЯШо,Hatespeech
Tu bhi loЁЯШВkisne roka hтАЛ,Not Hatespeech
Jiski jativadi ki mansikta he wo dosti se dur rahe wo accha he . Mere to bahut se dost he jo general se he .. bhai .. unko koi dikkat hi nai.   Jiski mansikta ho wo.   Dur hi rahenge jab bolenge tab to lagega na,Hatespeech
Mujhe laga ki maine general category hoke bada crime kar diya hai.......,Not Hatespeech
Yes nikla chamar,Hatespeech
"рд╣рд░ рд╕рдорд╛рдЬ рдореЗрдВ рдХреБрдЫ рджреЛрдЧрд▓реЗ рдЧрджреНрджрд╛рд░ рд╣реЛрддреЗ рд╣реИрдВ, рдЙрдиреНрд╣реАрдВ рдореЗрдВ рд╕реЗ рдПрдХ рдпреЗ рдирдВрджрдХрд┐рд╢реЛрд░ рд░реИрдЧрд░ рд╣реИ",Hatespeech
Angrejo Bharat choro. Phot dalo sasan Karo band karo,Hatespeech
Fuck Brahmn Dharam ЁЯШбЁЯШб,Hatespeech
mein jis aurat se dosti karti thi woh hamesha general caste k logo ko gali deti thi par mein usse samjhati thi sab log nehi hote aur woh khud apne caste k liye feelings bhi rakhti thi aur sarkar se jo advantage mile hai uska galat faida bhi utha Rahi thi mouka milte hi  usska audio aur video sab record tha issi liye toh fasa nehi paya,Not Hatespeech
"Annihilation of caste is the only solution for  Equality among all  & thus Unity in our Nation.

We are INDIANsЁЯЗоЁЯЗ│(рднрд╛рд░рддреАрдп),firstly & lastly.
рдЬрдп рд╣рд┐рдиреНрдж
рдЬрдп рднрд╛рд░рдд
рдЬрдп рд╕рдВрд╡рд┐рдзрд╛рди
рд╕рддреНрдпрдореЗрд╡ рдЬрдпрддреЗ",Not Hatespeech
Dalit are not Hindu...,Not Hatespeech
You need to know our history,Not Hatespeech
"Bura mat maanna bhai 
Ye jo dalit hai na dhol jaisi zindagi guzar rahe hai hindu ke naam per muslamaan ko qatl ker rahe hai
Aur badi jaat wale inki aukat dikha dete hai ke tum sirf gandagi ka dher ho iske alawa kuch nahi hoair haqeeqat yahi hai",Hatespeech
Tum Karo to raslila Ho Kare to character deela ЁЯШВЁЯШВ,Hatespeech
"Bhai Maine toh apne baccho ko samjha Diya hai aur uske school ke teachers se bhi baat karli hai .
Apne baccho ko unse baat karne se bhi mana Kiya hai , hum sabko Aisa hi karna chahiye .
Apne baccho ke jivan ke liye humko Aisa hi karna chahiye",Not Hatespeech
рдФрд░ рдлрд┐рд░ рдореБреЪрд▓реЛрдВ рдиреЗ рддреБрдореНрд╣рд░реА рдЗрдЬреНрдЬрдд рддрд╛рд░ рддрд╛рд░ рдХрд░ рджреА...ЁЯШВЁЯШВЁЯШВ,Hatespeech
рдХреНрд░рд┐рдпрд╛ рдХреА рдкреНрд░рддрд┐рдХреНрд░рд┐рдпрд╛ рддреЛ рд╣реЛрдЧреА рд╣реА,Not Hatespeech
This is the reason why many extremely talented Indian youth are migrating to other foreign countries because those foreign countries does not believe in all this shit(caste system).I personally hate India.,Hatespeech
Red & Blue need to combine to overthrow saffron once & for all....jai bhim laal salaam,Hatespeech
Thik;nahi hai.yeh galat hai.enkey. pass talent hai.knowledge hai.,Not Hatespeech
No bhrahmins are also responsible in this,Hatespeech
Lodo jat bhi obc shudr hi,Hatespeech
Bbc madarchod hinduon me foot daal raha hai. ......,Hatespeech
ЁЯШВtere baap ka ni h ye bharat smjha,Hatespeech
wow so the brahmins intentionally contaminated the water dalits drink???  Noone is talking about that?,Hatespeech
HINDU EK HONA HOGA,Not Hatespeech
тАЛ hi dudh ke dhule nahi aur teh jis samaj seh hain woh bhi karti hainЁЯШК.india ka kuch nahi ho sakta ЁЯШв.just indian nahi rehna ЁЯШн.,Hatespeech
рд╣рд┐рдВрджреВ рд╡рд╣реА рд╣реИ рдЬреЛ рдЧрд╛рдп рдХреЛ рди рдорд╛рд░реЗ рдЧрд╛рдп рдХреЛ рдиреБрдХрд╕рд╛рди рди рдкрд╣реБрдВрдЪрд╛рдП рдЧрд╛рдп рдХреА рдорд╛рдВрд╕ рди рдЦрд╛рдПред рд╡реИрд╕реЗ рд▓реЛрдЧ рдХрднреА рд╣рд┐рдВрджреВ рдирд╣реА рдХрд╣рд▓рд╛рдПрдВрдЧреЗ рдЬреЛ рдпреЗ рд╕рдм рдХрд░рддреЗ рд╣реИ рдЗрд╕рд╕реЗ рдЕрдЪреНрдЫрд╛ рд╣реА рд╣реБрдЖ рд╣рдорд╛рд░реЗ рдзрд░реНрдо рд╕реЗ рдирд┐рдХрд▓ рдЧрдПред,Hatespeech
"Baba sahab ke itne kosiso k baad v aaj ye haal h. Aaj ki jarurat h ki sabhi sc, st, obc ko ek jut hona hoga. Agar hm apne logo me hi jatiwaad krenge to upper caste kyu nhi jatiwad krega hmse. Isliye aapki jo v jati ho, dusadh , chamar, yadav kuch v . Sab ek jut ho jao.",Not Hatespeech
Fir in saalo Ko hindutav me unity chahie aise Ni aati unity ek samaj me....unity or equality dono sath sath le jaane ki jarurat h,Hatespeech
"Aajadi ki ladai me pura pura yogdan hai sc st walo ka bhi..pr log unko naukar hi mante ho...unko kha veer kahoge...
Aur agr sc st walo ne sahyog nhi diya hai toh gen wale bhi kaunsa kuch ukhada hai.
sirf apne muh miya mitthu bano.",Hatespeech
"Dalit Ram aur Krishna se alag nahi hain aur upper caste Ambedkar se alag nahi hai......
Aur tu katuwe saale  aag mt laga Hinduo ko apni aurto ko toh unka haq de de",Hatespeech
"Ajay Mishra So you're saying that if people erect a STATUE on a day YOU don't like, then it's OK to burn peoples houses? Stupid logic. No wonder India hasn't been able to deal with it's caste problems yet",Not Hatespeech
"рддреБрдореНрд╣рд╛рд░реЗ рдмреЛрд▓рдиреЗ рд╕реЗ рдХреБрдЫ рдирд╣реАрдВ рдмрджрд▓рддрд╛, рдмреНрд░рд╛рд╣реНрдордг, рдЬреИрди рдФрд░ рдорд╛рд░рд╡рд╛рдбрд╝реА рд╕рдорд╛рдЬ рдХреЗ рд▓реЛрдЧ рд╢рд╛рдХрд╛рд╣рд╛рд░реА рд╣реЛрддреЗ рд╣реИрдВ ред",Not Hatespeech
This is the reality of Hindu Religion..... Shame on Hinduism... Mere Dalit bhaiyon bahno hindu Religion ka tyag kro aur Christian muslim sikh Buddhist ban jao.,Hatespeech
Indian BBC news me 99.99 percent janral wale hai ye phle apne bare me bhi btae,Not Hatespeech
Hu Uber рдЬрдм рдЦреБрдж рдХрд╛ рдШрд░ рд╢реАрд╢реЗ рдХреЛ рд╣реЛ рддреЛ рджреВрд╕рд░реЗ рдХреЗ рдШрд░ рдкрд░ рдкрддреНрдерд░ рдирд╣реАрдВ рдлреЗрдВрдХрддреЗ рд╢реНрд░реАрдорд╛рдиред,Not Hatespeech
Be a budhist,Not Hatespeech
"All is good until they know you are from SC caste
Things suddenly changes yes this has happened to me.",Not Hatespeech
This is the truth of India. I have faced cast discrimination many times in my life.,Not Hatespeech
"BBC propaganda band karo  Bc..
Ye motiii kaun angle se Dalit lag rahi he..
Agar dalit hain b to she is well educated n belongs to creamy layer..
You guys are Patho's",Hatespeech
Being sc cast people is crime in India .,Not Hatespeech
тАЛ tumse jisko tum mante ho bhgwan ki trh uski photo.jala dene se sab thik ho jyga kya na tho sab dharmik grantho mai jativad lokha aur jisme likha wo dharmik book mhi hai jiski tum bt kr  rhe  ho au lr usko koi follow nhi kfta dost  is act ka kal upyog ho rha sach savikar krna sikh lo  data utha ke dekh lena kitna mis use ho rja jai,Not Hatespeech
"Islaam ki maka bochla



Bharat mata ki jaiтШ║я╕П",Hatespeech
Goraksha ke naam par gundagardi se BJP ko nuksaan hota hai,Not Hatespeech
"Convert to Buddhism the most peaceful religion 
Live live with dignity, get education work hard 
Help other underprivileged 
And stay away from Hindu extremists they will never change.",Hatespeech
рдореЛрд╣рдореНрдордж рдФрд░ рдЖрдпрд╢рд╛ рдЦреБрджрд╛рдИ,Not Hatespeech
Caste ko surname se hatana padega tabhi jativad khatam hogaЁЯОЙЁЯШо,Not Hatespeech
"This is all paid media, I have been in profession for 10 years. My father mother both are govt servant. Point of matter is all the higher management is either SC/OBC in Uttar Pradesh. If  we talk about private industry who care who's cast is what. We all seek survival or growth. Lady in the video do not look as she is suffering. I know few who do but its a lack of education. We must educated our children better.",Not Hatespeech
рдмрд╕ рдирд┐рдХрд▓ рдЧрдИ рд╣рд╡рд╛,Not Hatespeech
Ab to esa hi hoga,Not Hatespeech
рдмреАрдЬреЗрдкреА рдУрд░ рд╕рдВрдШ рджрд▓рд┐рддреЛрдВ рдкрд┐рдЫрдбрд╝реЛрдВ рдЖрджрд┐рд╡рд╛рд╕реА рд╕рдорд╛рдЬ рдЕрд▓реНрдкрд╕рдВрдЦреНрдпрдХ рд╕рдорд╛рдЬ рд╢реМрд╖рд┐рдд рд╕рдорд╛рдЬ рд╡рдВрдЪрд┐рдд рд╕рдорд╛рдЬ рдХрд░реЛрдбрд╝реЛрдВ рдмрд╣реБрдЬрди рдпреБрд╡рд╛рдУрдВ рдХреА рд╡рд┐рд░реЛрдзреА рд╣реИ рдУрд░ рд░рд╣реЗрдВрдЧреА,Not Hatespeech
Tum kyu nhi alg desh bna lete...ye desh toh unka hi hai jiski wo itni care karte hain..,Hatespeech
Education strong karne par hi safalta milegi.jaroor milegi.jai Bheem.,Not Hatespeech
Wah ye hei hamara Bharat jaha insaniyt Nam ki chiz nahi hai Jay bhim,Hatespeech
"Jai bheem , leave this religion which never reach equality",Hatespeech
Obc sc ki koi ijat nahi hai is desh me,Hatespeech
Ye sab sale Hindu nahi hai atankwadi hai,Hatespeech
рдмрд╣реБрдЬрди рдПрдХрддрд╛ рдЬрд╝рд┐рдВрджрд╛рдмрд╛рдж,Not Hatespeech
Jatibad khotom ho,Not Hatespeech
рд╕рдВрдШрд┐рдпреЛ рдХреЛ рддреЛ рд╢рд░рд╛рдм рдкреАрддреЗ рджреЗрдЦрд╛ рд╣реИ рдореИрдВрдиреЗ,Hatespeech
didi tum pagal ho resetvation bhramno ko chod ke sabko mila hai time ke hisab se ek tim pe rajputo ko bhi mila hai aur  ЁЯдг,Hatespeech
Fake news.. Everything is scripted,Not Hatespeech
*BBC news :- TARGETING hindu religionЁЯдмЁЯдмЁЯдм today UNSUBSCRIBE*,Hatespeech
Dalit hindu hai ishko Todne wale channle india main ban ho,Hatespeech
I am also from Schedule Caste I have never faced this,Not Hatespeech
рдмрд╛рдмрд╛рд╕рд╛рд╣реЗрдм рдХрд░реЗ рдкреБрдХрд╛рд░ рдмреБрдзреНрдж рдзрдореНрдо рдХрд╛ рдХрд░реЛ рд╕реНрд╡реАрдХрд╛рд░....,Not Hatespeech
reservation ban ЁЯШБ,Not Hatespeech
"kuch b , GENERAL CASTE ki sabse buri halat hain",Not Hatespeech
yess...we also stopped relationship with neighbours...,Not Hatespeech
Jaisi karni waisi bharniЁЯШВЁЯШВЁЯШВ bahut acha huaЁЯШВЁЯШВ,Not Hatespeech
Now discrimination is not on the basis of caste but on the basis of category,Not Hatespeech
рдЗрдиреНрдХреЛ рджрд▓реАрдд рд╕рд┐рд░реНрдл рд╡реНрд╣реЛрдЯрд┐рдВрдЧ рдХреЗ рдЯрд╛рдЗрдо рдкрд░ рдпрд╛рдж рдЖрддреЗ рд╣реИ,Hatespeech
haan dono tere baap the na ЁЯШВ,Hatespeech
"Ye sab aaj bhi hota hai
Par bahot se log ye baat accept nhi karna chahte",Not Hatespeech
Esa nhi hai ye sirf ek show off hai ager esa hai to UP mein kun itna jada jatiwad hota hai kun whan per daliton ko mar deya jata hai kun?,Not Hatespeech
"Obc sc, st jindabad",Not Hatespeech
Mohammed L par,Not Hatespeech
Bhai ye stats kaha se laye batana jara,Not Hatespeech
nahi dono mughalo ke put hai ЁЯдгЁЯдгЁЯдгЁЯдгЁЯШБЁЯШБ,Hatespeech
Madhrchod bbc ko bhart me ban kr dena chahiye,Hatespeech
"рдмреНрд░рд╣реНрдордг рдЖрддрдВрдХрд╡рд╛рдж рдЪрд░рдо рдкрд░ рд╣реИ ред
ЁЯШбЁЯШбЁЯШбЁЯШбЁЯШбЁЯШбЁЯШб",Hatespeech
рдЖрдкрдХреЛ рдкрддрд╛ рд╣реИ рдореИрдбрдо рднреНрд░рдордг рдФрд░ рдард╛рдХреБрд░реЛ рдФрд░ рдЧреБрдЬреНрдЬрд░ рдЬрд╛рдЯреЛрдВ рдХреЗ рдмрд╛рдж рдХреЛрди рджрд▓рд┐рддреЛрдВ рдХреЗ рд╕рд╛рде рд╕рдмрд╕реЗ рдЬрд╛рдпрджрд╛ рднреЗрджрднрд╛рд╡ рдХрд░рддрд╛ рд╣реИ рдореБрд╕рд▓рдорд╛рди рдпреЗ рдмрд╛рдд рд╕рдЪ рд╣реИред рдЦреИрд░ рдЧреБрдЬреНрдЬрд░ рдЬрд╛рдЯ рдЦреБрдж рднреВрд▓ рдЬрд╛рддреЗ рд╣реИ рдХреА рд╡реЛ рднреА рдПрдХ рджрд▓рд┐рдд рдХрдореНрдпреБрдирд┐рдЯреА рд╕реЗ рдЖрддреЗ рд╣реИред рдЦреБрдж рдЕрдкрдиреЗ рд╣реА рд▓реЛрдЧреЛ рдХреЗ рд╕рд╛рде рдЬрд╛рддрд┐рд╡рд╛рдж рдХрд░рддреЗ рд╣реИ,Hatespeech
рдЬрдм рддрдХ RSS рдореЗ рд╣реИрдВ,Not Hatespeech
"рднрд╛рдИ рддреБрдореНрд╣рд╛рд░реЗ рд╕рдорд╛рдЬ рдХреЗ рдкрд╛рд╕ рдХреНрдпрд╛ рдерд╛ 1 рдмреАрдШрд╛ рдЬрдореАрди рддрдХ рдирд╣реАрдВ рдереА
рдЬрдм рд╕рдВрд╡реИрдзрд╛рдирд┐рдХ рд╣рдХ рдорд┐рд▓рд╛ рддрдм рдЬрд╛рдХрд░ рдЖрдкрдХрд╛ рд╕рдорд╛рдЬ рдХреБрдЫ рд╣рдж рддрдХ рддрд░рдХреНрдХреА рд╣реЛ рдкрд╛рдИред",Not Hatespeech
"Jay bhim
Manuvadiyo par yakin nahi krna",Hatespeech
tum brahmins or baniyo ki ma behano ko chodna padega saale randi ke bacho sudhar nahi hum tum behan betiyo ko chod dalenge,Hatespeech
Sdggv haa me ye ni keh rha ke reservation shi pr st sc me jyadatar lo log garib hi he,Not Hatespeech
Jago dalit jagooo...,Not Hatespeech
тАЛgay siri rem ЁЯП│я╕ПтАНЁЯМИЁЯП│я╕ПтАНЁЯМИ,Not Hatespeech
Madam first of its wrong whatever u faced....but madam don't u think that reservation is acting as a support for this discrimination nw a day..a guy got 80 n failed whereas other guy got 55 n selected...do u think that guy (nt selected) will feel sad and have a hate feeling towards other,Not Hatespeech
рд╕рд╡рд░реНрдг рдХреА рд╕рдВрдЦреНрдпрд╛ рдмрд╣реБрдд рдХрдо рджреВрд╕рд░реА рдЕрдзрд┐рдХрддрд░ рдХреА рд╕реНрдерд┐рддрд┐ рдЦрд░рд╛рдм рд╣реИрдВ l рдХреБрдЫ рд▓реЛрдЧреЛрдВ рдХреЗ рдЬрд╛рддрд┐ рдХреЗ рдЕрд╣рдВрдХрд╛рд░ рдореЗрдВ рдЬреЛ рдХрдорд╛ рдЦрд╛ рд░рд╣реЗ рд╣реИрдВ рдЙрдирдХрд╛ рдЬреАрд╡рди рдирд░реНрдХ рди рдмрдирд╛рдпреЗрдВ l рднрдЧрд╡рд╛рди рдХреЗ рдЪрдХреНрдХрд░ рдореЗрдВ рдЗрдиреНрд╕рд╛рди рдХрд╛ рд╕рддреНрдпрд╛рдирд╛рд╢ рдордд рдХрд░реЛ l,Hatespeech
рдЗрд╕ рдЯреЙрдкрд┐рдХ рдкрд░ рдмреАрдмреАрд╕реА рд╡рд╛рд▓реЛрдВ рдХреЛ рдордЬрд╛ рдЖрддрд╛ рд╣реИ рджреВрд╕рд░реЗ рджреЗрд╢ рдореЗрдВ рд╣рд┐рдВрд╕рд╛ рдХрдирд╛рд░реЗ рдореЗрдВ рдпреЗ рд▓реЛрдЧ рдЕрдкрдиреЗ рджреЗрд╢ рдореЗрдВ рдХреБрдЫ рдирд╣реАрдВ рдмреЛрд▓рддреЗ,Hatespeech
Jaa oye gaandu,Hatespeech
Fake h Yeh sab brainwash kr rhe h,Hatespeech
рдмрд╣реБрдд рд╣реА рд╢рд╛рдирджрд╛рд░ рдкреНрд░рд╕реНрддреБрддрд┐ рд╣реИрдВ тЭд,Not Hatespeech
рдзрд╛рд░реНрдорд┐рдХ рдХрдЯреНрдЯрд░рддрд╛ рдЖрддрдВрдХрд╡рд╛рдж рдХреЗ рд╕рдорд╛рди рд╣реИ,Not Hatespeech
Bilkul sahi Kiya en thakuro ko jina muskil kar do,Hatespeech
BBC news british propaganda channel...,Not Hatespeech
Bbc chuslam ki najayah awlad h,Hatespeech
tumhe pehle sochna chiye tha ur thoda galiya apne baap dadao ko bhi dedo jo free ka maal kye aur cast system banai,Hatespeech
We can't change the past but I can change our religion due to this types of things,Not Hatespeech
Jay bhim namo buddhay,Not Hatespeech
тАЛ koi religion nhi hai path philosophy hai,Not Hatespeech
Jab ap ghodi pe baithne nhi dete to vo kaunsi parampara hai jara batana,Not Hatespeech
JAI BHIM тЭд,Not Hatespeech
Baba sahib ki shobha yatra nahi nikalati ki kya mtlb,Not Hatespeech
UN logon jaton Ne bahut achcha kam Kiya dhanyvad unka hai jaisa karoge vaisa milega kya man Ne tumko dudh pilaya bheemrav Ambedkar ki jantri tumne nahin nikaalne Di to Kalash Yatra jaton bhi nahin nikal lenge Dhanya hai ya to bhai aapka court court in Aman,Hatespeech
"Maine suna BBC Hindi ne apne ek SC dalit patrakaar ko nikal dia aur abhi ek bhi SC patrakaar BBC hindi me nhi hai.

To ye ghadiyali aansu kyun. Hr jagah manuwadi bhare pade h.",Hatespeech
Don't show your pain to anyone Be strong sisЁЯТкЁЯТкЁЯТк..... ignore nagative things and negative people.....,Not Hatespeech
Village ne kuchh nhi hota faltu baate nhi,Not Hatespeech
"Many sunnis blasting bombs in shia masjids(recent example of afganistan)
Or ahmedies ko jine ka hi hadikar nhi",Hatespeech
рд░реЗрдЧрд░ рдЕрднреА рддреБрдорд╣реЗ рдХреБрдЫ рдирд╣реАрдВ рдорд╛рд▓реВрдо рд╣реИ рд╕рдВрдШ рдХреЗ рдмрд╛рд░реЗ рдореЗрдВред,Not Hatespeech
So it is recommandable to avoid hanging out with your work friends becz they are not your they are your colleagues and colleague is never a friend. Do your work and get back home dont hang out with them. The more you hang out the more they will try to get who you are.,Not Hatespeech
Jay samrat Ashok Jay bhimтЪФя╕ПтЪФя╕ПЁЯТк,Not Hatespeech
Many educated SC people has to face such nonsense of Hinduism.. Shame,Hatespeech
If Dalits actually start fighting this so called kshatriyas will start urinating their pants,Hatespeech
"Yup better than piecefuls, creating a message in almost every state of India",Not Hatespeech
рджрд▓рд┐рдд рдЪреВрдбрд┐рдпрд╝рд╛рдВ рдкрд╣рдирдХрд░ рдкреИрджрд╛ рд╣реЛрддрд╛ рд╣реИ рдФрд░ рдЪреВрдбрд┐рдпрд╝рд╛рдВ рдкрд╣рдирдХрд░ рдорд░ рдЬрд╛рддрд╛ рд╣реИ... рдХреНрдпреБрдХреА рдЧреБрд▓рд╛рдореА рд╣реА рдкрд╕рдиреНрдж рд╣реИ рдЗрдирдХреЛ,Hatespeech
рдЕрдм рд╕рдорд╛рдЬ рдЬрд╛рдЧ рд░рд╣рд╛ рд╣реИред,Not Hatespeech
Aapne kaffi sensitive subject par sawal khade kiye hai mam selute hai mam aapko,Not Hatespeech
рдПрдХ рджрдо рд╕рд╣реА рдХрд┐рдпрд╛ рджрд▓реАрдд рд╕рдорд╛рдЬ рдиреЗ рдЬреИрд╕реЗ рдХреЛ рддреИрд╕рд╛ рдЕрдм рдмрд╕ рдЬрдп рднреАрдо рдЬрдп рд╢рд┐рд╡рд░рд╛рдп рдЬрдп рд╕рдВрд╡рд┐рдзрд╛рди тЭдтЭд,Not Hatespeech
This is the Beauty of Tunatun drum ЁЯеБЁЯШВЁЯШВ..,Not Hatespeech
"рд╕рд╣рд╛рд░рдирдкреБрд░ рдореЗрдВ рдЕрдм рддрдХ 50 рд╕реЗ рдЬреНрдпрд╛рджрд╛ рд╡рдВрдЪрд┐рдд рд╕рдорд╛рдЬ рдХреЗ рдЪрдорд╛рд░ рдШрд╛рдпрд▓ рд╣реБрдП рд╣реИ рдЬрд┐рдирдореЗ рд╕рдмрдХреЗ рдКрдкрд░ #рддрд▓рд╡рд╛рд░, #рдмрдВрджреВрдХ, рдФрд░ #рдЖрдЧрдЬрдиреА рдХрд░рдХреЗ рд╣рдорд▓рд╛ рдХрд┐рдпрд╛ рдЧрдпрд╛ ред 2 рдХрд┐ #рдореМрдд рд╣реБрдИ рд╣реИ рд╡реЛ рднреА рд╡рдВрдЪрд┐рдд рд╕рдорд╛рдЬ рдХреЗ , рдШрд░ рдЬрд▓реЗ рд╡реЛ рднреА рд╡рдВрдЪрд┐рдд рд╕рдорд╛рдЬ рдХреЗ , рд▓реВрдЯ рд╣реБрдИ рд╡реЛ рднреА #рд╡рдВрдЪрд┐рдд рд╕рдорд╛рдЬ рдХреЗ , 70 рд▓реЛрдЧ рдЬреЗрд▓ рдореЗрдВ рд╣реИрдВ рд╡реЛ рднреА #рд╡рдВрдЪрд┐рдд рд╕рдорд╛рдЬ рдХреЗ , #ndtv , #zee рдиреНрдпреВреЫ рдФрд░ рднреА #рдмреНрд░рд╛рд╣реНрдордгрд╡рд╛рджреА рдореАрдбрд┐рдпрд╛ рдпреЗ рджрд┐рдЦрд╛ рд░рд╣рд╛ рд╣реИ рдХрд┐ рд╕рдм рднреАрдо рдЖрд░реНрдореА рдХрд░рд╡рд╛ рд░рд╣реА рд╣реИред #рдкреНрд░рд╢рд╛рд╕рди рдореЗрдВ рдмреИрдареЗ #рдПрд╕рдПрд╕рдкреА #рд╕реБрднрд╛рд╖рдЪрдВрджреНрд░рджреБрдмреЗ рдмрдпрд╛рди рджреЗрддреЗ рд╣реИрдВ рдХрд┐ рдард╛рдХреБрд░реЛрдВ рдХреЗ рдКрдкрд░ рдЕрддреНрддреНрдпрд╛рдЪрд╛рд░ рд╣реЛ рд░рд╣рд╛ рд╣реИред рдФрд░ рд╣реИрдо #рдЙрдкрджреНрд░рд╡рд┐рдпреЛ рдкрд░ рдХрд╛рд░реНрдпрд╡рд╛рд╣реА рдХрд░ рд░рд╣реЗ рд╣реИрдВ #рдЙрдкрджреНрд░рд╡реА рдпрд╛рдиреА #рд╡рдВрдЪрд┐рдд рд╕рдорд╛рдЬ рдХреЗ рдмрдЪреНрдЪреЗ ред рдЕрдм рдЖрдк рд╣реА рдмрддрд╛рдУ рдЬрд┐рд╕рдХреЗ рдкрд╛рд╕ #рддрд▓рд╡рд╛рд░ рд╣реИ, рдЬрд┐рд╕рдХреЗ рд╕рд╛рде #рдкреНрд░рд╢рд╛рд╕рди рд╣реИ, рдЬрд┐рд╕рдХреЗ рдкрд╛рд╕ #рдмрдВрджреВрдХ рд╣реИ рдФрд░ #рдкреЗрдЯреНрд░реЛрд▓рдмрдо рд╣реИ рд╡реЛ #рдард╛рдХреБрд░ #рд╢рд╛рдВрддрд┐рдкреНрд░рд┐рдп рдФрд░ рдЬреЛ #рд╕рдВрд╡рд┐рдзрд╛рдирд┐рдХ рддрд░реАрдХреЗ рд╕реЗ рдЕрдкрдиреЗ рд▓рд┐рдП #рдЗрдВрд╕рд╛рдл рдорд╛рдВрдЧ рд░рд╣реЗ рд╣реИрдВ рд╡реЛ #рдЙрдкрджреНрд░рд╡реАред 
рдЬрд╛рддрд┐рд╡рд╛рджреА #рдмреАрдЬреЗрдкреА рдФрд░ рдЬрд╛рддрд┐рд╡рд╛рджреА #DM, #SSP рдкрд░ рд╕рдмрд╕реЗ рдкрд╣рд▓реЗ рдПрдХрддрд░рдлрд╛ рдХрд╛рд░реНрдпрд╡рд╛рд╣реА рдХреЗ рд▓рд┐рдП рдХреЬреА рд╕рдЬрд╛ рдорд┐рд▓рдиреА рдЪрд╛рд╣рд┐рдПред рд╕рд╛рде рд╣реА #рдмреНрд░рд╛рд╣реНрдордгрд╡рд╛рджреА#рдореАрдбрд┐рдпрд╛ рдХреЛ рдмреИрди рдХрд░рдиреЗ рдЪрд╛рд╣рд┐рдПред
#UPрдореЗрдВJANGALRAJ рдпрд╣реА рд╣реИ рдЕрд╕рд▓реА #рд░рд╛рдорд░рд╛рдЬ
рдХрд╣рд╛ рдЧрдпрд╛ #рдорд╛рдирд╡рд╛рдзрд┐рдХрд╛рд░рдЖрдпреЛрдЧ #рдорд╣рд┐рд▓рд╛рдЖрдпреЛрдЧ #scstрдЖрдпреЛрдЧ #рдмреАрдЬреЗрдкреАрдХреЗрджрд▓рд┐рддрджрд▓рд╛рд▓ 
рдХреНрдпрд╛ #рд╡рдВрдЪрд┐рддрд╕рдорд╛рдЬ рдХреЗ рд▓рд┐рдП рдХреЛрдИ рдЖрдпреЛрдЧ рд╣реИ рдЗрд╕ рджреЗрд╢ рдореЗ??????????",Hatespeech
You said exact words what I used to say to myself.,Not Hatespeech
"All lower caste people should convert to Buddhism or Christianity. When Brahman religion will be minority in india only then they will understand.
Jai Bhim",Hatespeech
рдбрд░ рдХрд░ рдШрд░ рдореЗ  рдмреЗрдареЗ рд░рд╣реЛ рдпрдП рдХреЛрдИ рд╣рд╛рд▓ рдирд╣реА рд╣реАред редред  рдореМрдд  рдЕрдВрдд рд╣реЗ рдирд╣реА  рддреЛ рдореМрдд рд╕реЗ рднреА рдХреНрдпрд╛ рдбрд░реЛ рдпреЗ рдЬрд╛рдХреЗ рдЕрд╕рдорд╛рди рдореЗ рджрд╣рд╛реЬ рджреЛредред,Not Hatespeech
ЁЯШвtheek hai matlab hindu insaan ki puja kara ta hain bhagwan bolke ЁЯШв,Not Hatespeech
"Jab kisi ko sataoge tabhi toh koi kuch action lega...tumne kudh bola dawe kuchle log..matlb manate ho na ki soshan aur atyachar karte ho tum log. 
Aur bad me sadhu sant bankar bolte ho act galat hai.",Hatespeech
рдмрди рдЧрдпрд╛ рд╣рд┐рдВрджреБрд░рд╛рд╖реНрдЯреНрд░,Not Hatespeech
mirchpur kand m y chupthe,Hatespeech
рдЬрд┐рдирдХреЗ рднрдЧрд╡рд╛рдиреЛрдВ рдХреЛ рд╣реА рдорд╛рдВрд╕ рдорджрд┐рд░рд╛ рдХрд╛ рднреЛрдЧ рд▓рдЧрддрд╛ рд╣реЛ рд╡реЛ рдЗрдВрд╕рд╛рди рдХреИрд╕реЗ рд╣реЛ рд╕рдХрддреЗ рд╣реИрдВред,Hatespeech
Job pe log tumhe cast puchate he. Lekin cast se abilities skill n knowledge to dekho.....,Not Hatespeech
0:16 0:18 0:21 0:25 0:27 0:29,Not Hatespeech
"Shut up...
If you facing any difficulties with any laws and regulations then openly come out in front of everyone and if you found innocent then we will also help you..but StOp тЫФЁЯЩЕ Rubbishness",Not Hatespeech
No Hindu.. only Buddhism wo pahle Buddhist the naki hindu,Not Hatespeech
рдзрд╛рд░реНрдорд┐рдХ рдХрд▓рд╢ рдпрд╛рддреНрд░рд╛ рдХрд╛ рдкрд░рдорд┐рд╢рди рдЬрдм рдирд╣реАрдВ рдерд╛ рдХреНрдпреЛрдВ рдирд┐рдХрд▓рд╛ рдИрдЯ рдХрд╛ рдЬрд╡рд╛рдм рдкрддреНрдерд░ рд╕реЗ,Hatespeech
I think u had forget Sikhism started in 1500  and Turkish  invasion came 1100 ?  We rajput defeated we them  16 time ? I they are came through punjab and gujrat regions,Not Hatespeech
Kuch bhi karlo na Dalits ko convert kar paoge na apne sath mila paoge .,Hatespeech
Nand Kumar kishor sahi haiЁЯЗоЁЯЗ│ЁЯЗоЁЯЗ│ЁЯЗоЁЯЗ│ЁЯЗоЁЯЗ│ЁЯЗоЁЯЗ│ЁЯЗоЁЯЗ│ЁЯЗоЁЯЗ│ lekin jati system bhi khatm hona chaiye.,Not Hatespeech
Kya hoga isse ЁЯдгЁЯдгЁЯдгЁЯдг,Not Hatespeech
"рд╣рдо рднреА рдкрд╣рд▓реЗ рджрд▓рд┐рдд рдереЗЁЯШВ рд╕реНрд╡рд░реНрдгреЛрдВ рдиреЗ рдмрд╣реБрдд рдиреАрдЪрд╛ рджрд┐рдЦрд╛рдпрд╛
рдЕрдм рдореИрдВ рдореБрд╕реНрд▓рд┐рдо рд╣реБ рдФрд░ рдзрдиреНрдпрд╡рд╛рдж рджреЗрддрд╛ рд╣реБ рдореЗрд░реЗ рдкреБрд░рдЦреЛ рдХрд╛ рдХреНрдпреЛрдВрдХрд┐ рдЙрдиреНрд╣реА рдХреА рд╡рдЬрд╣ рд╕реЗ рдЖрдЬ рдореИрдВ рдЗрд╕реНрд▓рд╛рдо рдореЗрдВ рд╣реВ
рдЬрд╣рд╛ рдХреЛрдИ рдЬрд╛рдд рдкрд╛рдд рдХрд╛ рдЭрдВрдЭрдЯ рдирд╣реАрдВ
тЭд I love islamтЭд",Not Hatespeech
Ambedkar or Ravidas k paero ko dho ke paani peete the Saharanpur k log jo murdabad bol rhe hai,Hatespeech
Darna nahi hai thakur hai to kya hua,Not Hatespeech
kamse kam vo jinda to hai na use mara to nhi gya,Not Hatespeech
"BRAHAMAN  SAMAJ ,  RAJPUTO. KO. THAKUR. MANTE. HI. NAHI  HE ,SIRF. TELI.I.  SAMAJH TE. HE. OR. SUDRA HI. SAMAJH  TE. HE  OR.  ISI LIYE. INKO. PICHDI. JATI. ME. SHAMIL. KIYA. HE .
  ATHA  ,  RAJPUT. SAMAJ. KE. EK MUKHY. MANTRI. KO. RSS. KE. KARYALY  ME.   KABI  NAHI. GHUSANE. DIYA,,  APMANIT. HOKAR   UNHONE   P ARTY. CHOD  KAR.  SAPA. ME JANE. KO MAJBUR. HO. GAYE THE  PHIR. BHI. RSS. KE. KARYALY. ME. GHUSANE. KA. AVASAR  UNHE. NAHI.  MiLA.    
   ATH. RAJ. PUTO. KO  SAMJHNA. CHAIYE.  KI  UNHE. SIRF. PICHADO.  SE.  PICHDO. KO. LADANE  KE. LIYE. ISTMAL. KIYA. JATA. HE .  (   RAJ PUTO. KA. VAHI. HAL. HE.  TEEN.  KE.  TERAH. KARDE.  OR.   NAM  DAROGA DHAR. DE .) .",Hatespeech
sandesh khali mai dalit hai ek bar vaha v dekh lo ki bbc kitna awaj utyi thi,Not Hatespeech
"RESERVATION BANЁЯШВЁЯСМ
AUKAAT BATA DI NEECH OR DOGLE KI",Hatespeech
Hidhu darm meaning.four varn,Not Hatespeech
100/right hai ye aaj bhi aam bat hai,Not Hatespeech
Abusing by caste system to anybody is a big crime in India now I think don't know Indians about constitution,Not Hatespeech
рд╕рдирд╛рддрди рдзрд░реНрдо рдХреА рдЦреБрдмрд╕реВрд░рддреА ЁЯШВ,Not Hatespeech
"рдореЗрд░реЗ рджрд▓рд┐рдд рднрд╛рдЗрдпреЛрдВред рдПрдХ рдЬреБрдЯ рд░рд╣реЛред рдПрдХ рджреВрд╕рд░реЗ рдХреА рдЦреБрд▓рдХрд░ рдПрдХ рджреВрд╕рд░реЗ рджрд▓рд┐рдд рднрд╛рдЗрдпреЛрдВ рдХреА рдорджрдд рдХрд░реЛ, рдЦреБрд▓рдХрд░ рдорджрдд рдирд╣реАрдВ рдХрд░ рд╕рдХрддреЗ рддреЛ рд╢рд╛рдВрддрд┐рдкреВрд░реНрдг рддрд░реАрдХреЗ рд╕реЗ рдХрд░реЛред рдЦрд╛рд╕рдХрд░ рдЪреБрдирд╛рд╡ рдореЗрдВ рдПрдХ рдЬреБрдЯ рд░рд╣реЛ рдФрд░ рдЪрдВрджреНрд░рд╢реЗрдЦрд░ рдЖрдЬрд╛рдж рдХреЛ рд╡реЛрдЯ рджреЗрдХрд░ рдЙрдирдХреЛ рд╕рддреНрддрд╛ рдореЗрдВ рд▓рд╛рдУред рдорд╛рдпрд╛рд╡рддреА рдЬреА рдХреЛ рдЕрдкрдирд╛ рдХреАрдорддреА рд╡реЛрдЯ рджреЗрдХрд░ рдЗрдзрд░ рдЙрдзрд░ рдордд рдмрдЯреЛред рдРрд╕рд╛ рдХрд░рдиреЗ рд╕реЗ рдирд╛рд╣реА рдорд╛рдпрд╛рд╡рддреА рдЬреА рдЬреАрддреЗрдВрдЧреА рдФрд░ рдирд╛рд╣реА рдЪрдВрджреНрд░рд╢реЗрдЦрд░ рдЖрдЬрд╛рдж рдЬреАрддреЗрдВрдЧреЗ,рдЗрди рджреЛрдиреЛрдВ рдореЗрдВ рдХрд┐рд╕реА рдПрдХ рдХреЛ рд╣реА рд╕рддреНрддрд╛ рдореЗрдВ рд▓рд╛рдУ , рдЪрдВрджреНрд░рд╢реЗрдЦрд░ рдЖрдЬрд╛рдж рдХреЛ рд╡реЛрдЯ рджреЗрдХрд░ рдЙрдирдХреЛ рдЙрддреНрддрд░ рдкреНрд░рджреЗрд╢ рдХрд╛ рдореБрдЦреНрдпрдордВрддреНрд░реА рдмрдирд╛рдирд╛ рд╣реИред",Not Hatespeech
рд╕реЗрдирд╛ рдореЗ рдХрд┐рддрдиреА рд╕рдВрдЦреНрдпрд╛ рд╣реИ рдЕрдореНрдмреЗрдбрдХрд░ рднрдХреНрддреЛрдВ рдХреА рджреЗрд╢ рдХреА рд░рдХреНрд╖рд╛ рд╣рдо рдХрд░реЗ рдФрд░ рдФрд░ рд░рд╛рдЬ рдХрд░реЗрдВрдЧреЗ рдЕрдореНрдмреЗрдбрдХрд░ рд╡рд╛рджреА рдЖрддрдВрдХрд╡рд╛рджрд┐ рдпрд╣ рдирд╣реА рдЪрд▓реЗрдЧрд╛ рдкреВрд░реЗ рджреЗрд╢ рдореЗ рд╕реИрдирд┐рдХ рд╢рд╛рд╕рди рд▓рд╛рдЧреВ рд╣реЛрдЧрд╛ рдФрд░ рдордиреБрд╕реНрдореГрддрд┐ рднреА рд▓рд╛рдЧреВ рд╣реЛрдЧрд╛ рднреАрдбрд╝рддрдВрддреНрд░ рдЕрдм рдЦрддреНрдо рд╣реЛрдиреЗ рд╡рд╛рд▓рд╛ рд╣реИ рд╕реИрдирд┐рдХ рддрдВрддреНрд░ рд▓рд╛рдЧреВ рд╣реЛрдиреЗ рд╡рд╛рд▓рд╛ рд╣реИ,Hatespeech
рдП рдЬреЛ рд╕рдВрдШ рдХреЗ рдкрджрд╛рдзрд┐рдХрд╛рд░реА рдмреЛрд▓ рд░рд╣реЗ рд╣реИрдВ рдкреАрда рдкреАрдЫреЗ рдЗрдиреНрд╣реЗрдВ рдЬрд╛рддрд┐ рдХреЗ рдирд╛рдо рдкрд░ рдЧрд╛рд▓реА рдЕрд╡рд╢реНрдп рдорд┐рд▓рддреА рд╣реЛрдЧреАред,Not Hatespeech
Bhai Islam mai yahi to khubi hai garib amir sunni siya ek santh ek barabar ek hi masjid mai namaj padh sakte hai koi bhed vhao nhi,Not Hatespeech
рдпреЗ рддреЛ рд╕рд┐рд░реНрдл рд╢реБрд░реБрдЖрдд рд╣реИ рдЕрднреА рд╣рд░ рдЬрдЧрд╣ рдРрд╕рд╛ рд╣реА рд╣реЛрдЧрд╛ рдЬрдп рднреАрдо тЭд,Not Hatespeech
2024 рдХрд╛ RSS рд░рд╛рд╖реНрдЯреНрд░ рднрдХреНрдд рд╕рдВрдШрдЯрди рд╣реЗ ~рд╣рд░ рдореБрд╢реНрдХрд┐рд▓ рдШрдбреА рдореЗ RSS рдиреЗ рднрд╛рд░рдд рдХреА рдорджрдж рдХреА рд╣реЗ..,Not Hatespeech
тАЛ are thakurwa chutiye thakurwan lete hai reservation obc me ate bhut si community tumhari jis thali me khayenge usi me ched karenge lodu ЁЯШВЁЯШВЁЯШВ,Hatespeech
"Aaj ke Samy par Hindu hona SC. ST. OBC. samaj ka ko dharm ki chatni chahta kar janvaron se batar jindagi   jina hai .
tarkshil Bano andhbhakt nahi.
Jago bahujan Jago ЁЯЩПЁЯЩПЁЯЩП",Hatespeech
"рдард╛рдХреБрд░ рд╕рдорд╛рдЬ рдХреЗ рд▓реЛрдЧ рдРрд╕реЗ рдмрд╛рдд рдХрд░ рд░рд╣реЗ рд╣реИ рдЬреИрд╕реЗ рдЗрди рд▓реЛрдЧреЛрдВ рдЬреИрд╕рд╛ рдХреЛрдИ рдЕрдЪреНрдЫрд╛ рдЗрдВрд╕рд╛рди рд╣реИ рд╣реА рдирд╣реАрдВред
рдХреНрдпрд╛ рдпрджрд┐ рдЕрдореНрдмреЗрдбрдХрд░ рдЬрдпрдВрддреА рдХреА рд╢реЛрднрд╛ рдпрд╛рддреНрд░рд╛ рдирд╣реАрдВ рдирд┐рдХрд▓рд╛ рд╣реИ рддреЛ рдХрднреА рдирд┐рдХрд▓реЗрдЧрд╛ рд╣реА рдирд╣реАрдВред
рд╢рд░реНрдо рдХрд░реЛ рдард╛рдХреБрд░ рд╕рдорд╛рдЬ рдХреЗ рдХреБрдЫ рдЙрдкрджреНрд░рд╡рд┐рдпреЛрдВ рд▓реЛрдЧред
рдпрджрд┐ рддреБрдо рд▓реЛрдЧреЛрдВ рдХреЗ рд▓рд┐рдП рднрд╛рдЧрд╡рдд рдЧреАрддрд╛ рдзрд╛рд░реНрдорд┐рдХ рд╣реИ рддреЛ рд╣рдо рд▓реЛрдЧреЛрдВ рдХреЗ рд▓рд┐рдП рднреА рдмрд╛рдмрд╛ рд╕рд╛рд╣реЗрдм рдХрд╛ рдЬрдиреНрдорджрд┐рд╡рд╕ рдзрд╛рд░реНрдорд┐рдХ рд╣реИред",Hatespeech
"Why enter a place where you are not welcomed wholeheartedly?
Go to the place of worship where you are welcomed wholeheartedly and treated as equal.",Not Hatespeech
рдРрд╕рд╛ рд╣реА рд╣рдо рд▓реЛрдЧреЛрдВ рдХреЛ рдЙрд▓реНрд▓реВ рдмрдирд╛ рдмрдирд╛рдХрд░ рдмреНрд░рд╛рд╣реНрдордг рд▓реЛрдЧ рд╣рдорд╛рд░реЗ рдореВрд▓ рдирд┐рд╡рд╛рд╕рд┐рдпреЛрдВ рдХреЛ рдкреАрдЫреЗ рдзрд╛рдХрдбрд╝ рдХреЗ рд░рд╛рдЬ рдЪрд▓рд╛рд░рд╣рд╛ рд╣реИ рдЬрдп рдЬреЛрд╣рд╛рд░ рдЬрдп рдЖрджрд┐рд╡рд╛рд╕реА,Hatespeech
Camtto рдУрдмреАрд╕реА рдХреЛ рдЕрдкрдиреЗ рд╕рд╛рде рдордд рдЬреЛрдбрд╝реЛрдВ,Hatespeech
рдЬрд╛рдЯрд╡ рд╕рдорд╛рдЬ рдХреЛ рд╕рд▓рд╛рдо тЭд рдорд╣рд╛рд░рд╛рд╖реНрдЯреНрд░ рд╕реЗ рд╕рд▓рд╛рдо рдХрд░рддрд╛ рд╣реБ рдЖрдкрдХреЛ тЭд,Not Hatespeech
Aisa nhi h bhai apke man jyada hi badha chadha kr jahar bhar diya gya h hmare yha sab mil julkar rhte h,Not Hatespeech
yes why not...wild people,Hatespeech
рдмрд╣реБрдд рд╣реА рдЕрдЪреНрдЫрд╛ рдХрд┐рдпрд╛ рд╣реИ рднрд╛рдЗрдпреЛрдВ рдФрд░ рдмрд╣рдиреЛрдВ рдиреЗ ЁЯлбЁЯСН рдЕрдм рдЖрдЧреЗ рд╕реЗ рдРрд╕реЗ рд╣реА рд╣реЛрдЧрд╛,Not Hatespeech
To laxman nam kyu rakha hai bewkuf tabhi tum logo ka ye hal hai,Hatespeech
"main bhi general and maine jaatiwad dekha hai. Reservation ka excuse deke. Waise SC se jyada mujhe OBC reservation se gussa hai. Inko kyu mili? lekin jaatiwad ke karan OBC se koi kuch nahi bolta, SC ko bolte hai!",Hatespeech
рд╕рдм рдореБрд░реНрдЦ рд╣реИ рд╣рдорд▓реЛрдЧ рдореБрд╕ рд╣рд░ рдкрд╛рд╕реА рдХреЛ релрежреж рджреЗ рдХрд░ рдЪрдорд╛рд░ рдХреЛ рдкрд┐рдЯ рд╡рд╛ рджреЗрддреЗ рд╣рд╛рде рдЧрдиреНрджреЗ рдирд╣реА рд╣реЛрддреЗ,Hatespeech
Sahi kiya dalit to ke sath,Hatespeech
Maximum andhbhakt from obc,Hatespeech
Duniya me koi God nhi h,Not Hatespeech
OBC bhaiyo aaplog beech mein mat aaiye ham SC ST enn savarno ko dekh lenge,Hatespeech
Sari bate to media bata raha hai,Not Hatespeech
how am i casteist Alextom ji,Not Hatespeech
Kya oochh aur nich ki baaat kar rahe hey yeh log kya dalit insan nahi hey kya dalit bahar ke desh se Aaaya kya dalit Indian nahi hey kyu dalit ko nich lahe kar uska Upman kiya jata hey,Hatespeech
Isi act ki bajah se gali galoj thodi kam ho gayi atyachar soshan...warna tum toh hag bhi dete aur kahte hm innocent hai..and they are untouchable jbki hga tumne.,Hatespeech
bro wo log rajput hai. Unke connection hote hai wo bail le lenge aur fir hum ko fir pareshan karenge,Hatespeech
After SC st act no one talk about these things and u also use reservation don't use this for ur propoganda abhi bhi batana chahate ho ЁЯЩП.,Not Hatespeech
30 tum logo ki aukat nahi hai ab,Hatespeech
Are kya enki kalash yatra yrr thoda tho dimag se socho tum bhi tho hindu hi ho mere dalit bhai aur bagwan ke kam me kyo ladai bagwan se bada koi nahi Jai Shree Ram,Not Hatespeech
Dalit Hindu nhi hai,Not Hatespeech
BC up walay jaat paat he kartay rah jaogay.,Hatespeech
"kya din aagaya today bhim army, next thakur army, then jat army ,afterwards saini army and yadav army . where is the country going",Not Hatespeech
"Rss me jo bhi dalit h wo nageli se lekr fulandevi, se lekr Hathras, unnav ho aay, or dalit rss ka pramukh kb bnega puch le...?",Hatespeech
I don't know why people not understanding that bhagwat ji said varna karam vibhashtam means you are upper or lower by work ...,Not Hatespeech
S Your points are worth consideration. https://youtu.be/midre-Os8CI,Not Hatespeech
Bhaio milkar rahoo,Not Hatespeech
"Tara uper kitna jute kasa lage 
Tara khana ta band ho jye go",Hatespeech
Paramparaye keval thakur samaj ke logo ke liye hi hai kya dalito ki aastha ka kya,Hatespeech
"Govt job wale PhD kar lete hai, comment karne ki kya baat hai, I have two bachelor degrees in different disciplines",Not Hatespeech
Tum log jaynti nahi manane dete to ham bhi nahi manane dege kuchh atha nahi sab dog hai jay bhim,Hatespeech
рдорджрд░рд╕рд╛ рд╢рд┐рдХреНрд╖рдг рд╡рд╛рд▓реЗ рдХреА рддрд░рд╣ рднрд╛рд░рдд рдореЗрдВ рдмреЙрдореНрдм рдирд╛рд╣реА рдлреЛрдбрд╛ рдХрд░рддрд╛ RSS...,Hatespeech
to mujhse bhi рдмрдбрд╝рд╛ andhbhaqt hai Jo Pakistan Bangladesh ke dalito ko maar maar ke bhagaya ja Raha h Jo 1947 se is desh me sarnarthi bana hua h lekin swarno se ladai ke chakar me musalmano ke sath khade hote hoЁЯШЖЁЯШЖЁЯШЖЁЯШЖЁЯШЖ,Hatespeech
рдмрд┐рдирд╛ рдкрд░рдореАрд╢рди рд╕рд╛рд▓реЛрдВ рдХреЛ рдореБрд╣рд▓реНрд▓реЗ рдореЗрдВ рдордд рдШреВрдордиреЗ рджреЗрдирд╛ ЁЯШВЁЯШВредрдпреЗ рджрд▓рд┐рддреЛрдВ рдХреА рд╕реБрдБрдиреНрджрд░ рд▓рдбрд╝рдХрд┐рдпреЛрдВ рдХреЛ рдЕрдкрдиреЗ рдЬрд╛рд▓ рдореЗрдВ рдлрд╕рд╛рдХрд░ рдмрд░реНрдмрд╛рдж рдХрд░рддреЗ рд╣реИрдВ,Hatespeech
agar bhai tujhe itta hi dikkat he to dalito ko apne sath bitha kabhi ..unko bhi izzat chaiye tujhe to mil gyi na tere purkho se,Hatespeech
isko puso rastpati ko ram mander me nahi jane deya kyo jab unka pura kabja ho jaye ga tab dikhna jo jis jati ka hoye ga usko voi kam mile ga tum pad kar apsar nahi ban sakte,Hatespeech
Obc ki population sabse jaada hai inpe hi laage. Saale gaddar hai ye dosto par lagwa dete hai. Inse dosti bekar hai,Hatespeech
Aarakshan se naukriya chaye toh jaati Ka certificate baag k bnaege,Not Hatespeech
"рдореБрд╕реНрд▓рд┐рдо рдореЗ рднреА рдЕрд╕рдВрдЦреНрдп рдкреЛрдЯ рдЬрд╛рддреА рд╣реЗ...рд╕реБрдиреНрдиреА рдореБрд╕реНрд▓рд┐рдо рд╢рд┐рдпрд╛ рдХреЛ рдмрдо рд╕реЗ рдЙрдбрд╛ рд░рд╣рд╛,рдХрд╛рдЯ рд░рд╣рд╛ рдмрд▓рд╛рддреНрдХрд╛рд░ рдХрд░ рд░рд╣рд╛...",Hatespeech
Dalit apni aukat bhul gaya hai jo Musalman Inko Jyada Samman Diya Usi ke upar hi Hath uthate Inka Yahi Hasil hone wala hai aaj Nahin to cal,Hatespeech
"рдорддрд▓рдм рдорд╣рд╛рдкреБрд░реБрд╖реЛрдВрдХреА рдЬрдпрдВрддреА рдирд╣реА рдХрд░рдгреА рдЪрд╛рдИрдпреЗ,рдФрд░ рдкрд╛рдЦрдВрдб рд╡рд╛рдж рдЪрд▓реЗрдЧрд╛ рдРрд╕реЗ рдХреИрд╕реЗ рдЪрд▓реЗрдЧрд╛, рдЬрд┐рд╕ рдорд╣рд╛рдкреБрд░реБрд╖рд╛рдВ рдХреЗ рд╡рдЬрд╣рд╕реЗ рдард╛рдХреВрд░, рдмреНрд░рд╛рд╣реНрдордг, рдФрд░ рд╕реБрд╡рд░реНрдг рд╕рдорд╛рдЬ рдХрд┐ рдФрд░рддреЗ рд╢рд┐рдХреНрд╖рд╛ рд▓реЗ рдХрд░ рдмрдбреЗ рдмрдбреЗ рдкрдж рдкрд░ рдмреИрдареА рд╣реИ рдЬреЛ рд╕рдм рдХреЛ рд╕рдорд╛рди рдЕрдзрд┐рдХрд╛рд░ рджрд┐рд▓рд╛рдпрд╛ рд╣реИ рдЙрд╕реА рдХрд┐ рдЬрдпрдВрддреА рдирд╣реА рдХрд░рдгреЗ рджреЗ рд░рд╣реЗ рдпрд╣ рддреЛ рдЬрд╛рддреАрдпрд╡рд╛рдж рд╣рд┐ рд╣реБрдЖ рдирд╛",Not Hatespeech
рдХреБрдЫ рд▓реЛрдЧ рдЧрд╛рдп рд╣рддреНрдпрд╛ рдХрд░рддреЗ рд╣реИрдВ рдФрд░ рдЗрд╕ рдЧрд╛рдп рдХрд╛ рдореВрддреНрд░ рднреА рдкреАрддреЗ рд╣реИрдВ рдЗрд╕ рдЧрд╛рдп рдХрд╛ рджреВрдз рднреА рдкреАрддреЗ рд╣реИрдВ рдХреБрдЫ рддреЛ рдЧрд╛рдп рдХрд╛ рдЧреЛрдмрд░ рднреА рдЦрд╛ рд▓реЗрддреЗ рд╣реИрдВ рддреЛ рдпреЗ рд▓реЛрдЧ рд░рдХреНрд╖рдХ рд╣реИ рдпрд╛ рднрдХреНрд╖рдХ,Hatespeech
"Bludy BBC, always a British dog, always what to divide and rule people ЁЯШб",Hatespeech
"I am an Atheist. I do not believe in the existence of God. There is no testable evidence to support the belief in any gods or supernatural entities. I rely on science, reason, logic, and empirical evidence to form my worldview and have not found compelling evidence or arguments to support the existence of God. The universe is governed by natural laws and forces, rather than moral, spiritual, or supernatural ones. As an atheist, I reject religious dogma, supernaturalism, and superstition as the basis of morality and decision-making. I emphasize the social and empirical nature of inquiry and prioritize scientific solutions to intellectual problems. There is an intrinsic intellectual conflict between faith and science, and that it inevitably leads to hostility. I am engaged in a continually evolving search for truth, primarily through science and philosophy.",Not Hatespeech
рд╕рдм рдЗрди рдХрд╛ рдЗрд╕реНрддреЗрдорд╛рд▓ рдХрд░рдирд╛ рд╣реИ рдиреЗрддрд╛рдУ рдХрд╛,Not Hatespeech
Dikha tha kitna mahan samajhte ho ЁЯШЕ,Not Hatespeech
Pakistan se tumko kya lene dena hai pakistan Tumhare risdar hai,Not Hatespeech
Usne khud btaya RSS me bhedbhav nhi hai lЁЯТпЁЯЩПЁЯХЙ,Not Hatespeech
рд╣рд┐рдВрд╕рд╛ рдкрд░ рд░реЛрдХ,Not Hatespeech
"Mujhe(sc)  bhi kuch aisa hi laga..i me caste feeling toh hai logo me but itna nhi hota ki log bhag jaye chod kar,mere sath toh ulta hai..jab bhi maine caste batai mere sath aur log jude",Not Hatespeech
bol fudi dya?,Hatespeech
Ye Sab Bjp Aur aur Meediya Ka Kamal hai.. Aur kuch Nahi,Not Hatespeech
"рджрд▓рд┐рддреЛрдВ рдХреЛ рдЕрд▓рдЧ рдЕрд▓рдЧ рдзрд░реНрдо рдореЗрдВ рдмрд╛рдЯрдХрд░ рджрд▓рд┐рддреЛрдВ рдХреЛ рдХрдордЬреЛрд░ рдХрд░рдиреЗ рдХрд╛ рдкреНрд░рдпрд╛рд╕ рд╣реИ рдЬрд╛рддрд┐рд╡рд╛рджреА рдХреБрддреНрддреЛрдВ рдХреА рджрд▓рд┐рддреЛрдВ рдХреЛ рдзрд░реНрдо рдкрд░рд┐рд╡рд░реНрддрд┐рдд рди рдХрд░рдХреЗ рдЕрдкрдирд╛ рджрд▓рд┐рдд рдзрд░реНрдо рдмрдирд╛рдирд╛ рдЪрд╛рд╣рд┐рдП,рдПрдХ рджрд┐рди рдРрд╕рд╛ рдЖрдПрдЧрд╛ рдЬрдм рджрд▓рд┐рдд рдЖрджрд┐рд╡рд╛рд╕реА рдЕрдкрдирд╛ рдзрд░реНрдо рдкрд░рд┐рд╡рддрд┐рдд рдХрд░ рд▓реЗрдЧреЗ рдФрд░ рд╣рд┐рдВрджреВ рдзрд░реНрдо рдЕрдкрдиреА рдХрдмреНрд░ рдореЗрдВ рдЪрд▓рд╛ рдЬрд╛рдпреЗрдЧрд╛",Hatespeech
Moj ker di,Not Hatespeech
"Ab samay h ki europe america ki tarah police ko weapon mile shoot karne ko
Lekin hamare samajwadi desh me  reservation h jo nation emergency services me nhi hona chahiye kyuki
Low boudhik log low ethical value wale ho sakte h
 jo khud system ya vyaktigat ko nuksaan kar sakte h (dushmani,sucna leak karna etc

Ab samjhe ЁЯШК

Neta logo ne reservation kyu rkha

 jabki education health ki free suvidha desh k samajhdar log rakh rhe the

Kyuki un murkho ki sankhya jyada thi

Indira gandhi jaisi strong will power ki nhi chalne di

Vajpaye ki sadak jal jodo parmanu nitiyaab kaam aa rhi h

Ab modi k baad koi bharose layak nhi
Tabhi dekh lo sab magarmach asurik or chor ek saath h usko girane me

Hurdang danga fasad kewal use asthir karne ko
Rajasthan MP UP me modi ne CM banaye h lekin ye chor khub Halla gulla kar rhe in swarthi logo ka astitv khatre me h",Hatespeech
Bhardwaj aur sc  ha ha ha,Hatespeech
тАЛ ho gaya bhai ЁЯШВЁЯШЕ,Not Hatespeech
All Indian will become salve again soon in 2025,Hatespeech
"рдЬрдп рдЫреЛрдЯрд╛ рднреАрдо 
 Gay Bhim 
Gay mohmmad true",Hatespeech
"Rajput samaj ko mafi mangana chaiye pahle u hone 14 April ko roya tha
Ambedkar ka apman jo bhi karega hum unka virodh karenge
Jay bhim",Not Hatespeech
True Sanatani spreading their religion Satanically.,Hatespeech
Jai bheem...jai shavidhanЁЯЩП,Not Hatespeech
"Thakuro ko hi galat dikhao tum, Saalo Jiski Maut hui hai Wo Ek Thakur hi hai.",Hatespeech
рдмрд╣реБрдд рд╕рд╣реА рдХрд┐рдпрд╛ рд╣реИ,Not Hatespeech
Ye sab Ambedkar ki tulana bhagwan se tulana karate hai,Not Hatespeech
"рд▓реЛрдЧ рдирд╡рд╕реГрдЬрди рдХреА рдмрд╛рдд рдХрд░ рд░рд╣реЗ рд╣реИрдВ,рдХрд╣рд╛рдБ рдЪрд▓реА рдЬрд╛рддреА рд╣реИ рд▓реЛрдЧреЛ рдЕрдВрджрд░ рдХреА рдЕрдЪреНрдЫреА рдЫрд╡рд┐рдпрд╛рдВ рдЬрдм рд╡реЛ рд▓реЛрдЧ рд╕рд░рдХрд╛рд░ рдХреЛ рдЧрд╛рд▓рд┐рдпрд╛рдБ рджреЗрддреЗ рд╣реИрдВ рдФрд░ рдХрд┐рд╕ рдЖрдзрд┐рдХрд╛рд░ рд╕реЗ рдмреЛрд▓реЗрдЧреЗ,рдЬрдм рдРрд╕реЗ рдЧрд▓рддрд┐рдпрд╛ рд╣реЛрддреА рд╣реИрдВ,рддреЛредред",Not Hatespeech
Ye sab manuwadiyon ki soch hoti h ap aage badhte raho himmat mat harna kabi slute you sissu,Hatespeech
Jay Rajputana тЬиЁЯЪйЁЯТкЁЯТкЁЯТкЁЯШИЁЯЪйЁЯШИЁЯЪйЁЯШИЁЯЪйЁЯШИЁЯШИ,Hatespeech
Go raskh hain ye MC hain,Hatespeech
ЁЯШВ. Then when emergency no bloods group are going to be discriminative by CASTE ?????? ЁЯШК.,Hatespeech
Acha huva ЁЯШВЁЯШВЁЯШВЁЯСНЁЯСНЁЯСН,Not Hatespeech
Just like no difference between Maharana pratap and Akbar ЁЯШВЁЯШВ,Not Hatespeech
aarakshan khatam Karo aur yadi phir bhi jaativaad khatam nhi hora toh humme ek alag desh dedo. Desh ki akhandta ka zikra mat karna uske paschaat. Tisre vishvayudha me milege.,Hatespeech
Accha matalb jo log leather se jacket bante hai jute bante hai unki swal karte ho beef burger banke is desh beche jata hai uspe swal karte ho cow mata Tumhare hai dusro ki nahi doglepan kam kia kark thoda vo uska livelihood chahte hai uska us cheez se Tumhare tarha dhram ki naam pe tekhdari nahi  chalti kisi kisi doglepan kam kar lo thoda,Hatespeech
in hinduon ke sath aisa hi hona chahie jaise hamare sath  kiya karte the,Hatespeech
тАЛрдЬрдп рдЖрдо рдЬрдп рдкрд╛рдо рдЬрдп thela,Not Hatespeech
Ambedkar L par,Not Hatespeech
Vasaram bhai ne bahut sahi decision liya тЭд,Not Hatespeech
I whole heartedly welcome them to leave hinduism ЁЯШВЁЯШВЁЯШВЁЯШВ. Because they are not hindus ЁЯШКЁЯШК. They eat cow so how can they are hinus ЁЯШВЁЯШВ,Hatespeech
sister be brave and just raise your voice against hindo.s atrocities,Hatespeech
mai bilaspur chhattisgarh se mere gao me 85 parsent dalit samaj ke log hai lekin aaj tak humne kisi se bhed baw nahi kia,Not Hatespeech
Bahut achha kiya тЭдтЭд,Not Hatespeech
"You should use reservation,
u earn this.

and the day when discrimination will end...reservation will be automaticly end.",Not Hatespeech
kyu woh Hindu nahi h??,Not Hatespeech
1:21 рдпрд╛рд░ рдЬрдм рдЙрди рд▓реЛрдЧреЛрдВ рдХреЗ рдмрдЪреНрдЪреЗ рджрд╛рд░реБ рджрд╛рд░реБ рдкреАрддреЗ рд╣реИрдВ рддреЛ рдпрд╣ рдХрд▓рд╢ рдпрд╛рддреНрд░рд╛ рдХреНрдпреЛрдВ рдирд┐рдХрд╛рд▓рддреЗ рд╣реИрдВ редредредЁЯШВЁЯШВредред рдУ рд▓рд┐рдЯ рджрд╛рд░реВ рдХреНрдпреЛрдВ рдкреАрддреЗ рд╣реИрдВ рднрд╛рдИЁЯШВЁЯШВредред рджрд╛рд░реВ рдкреАрдХрд░ рд╣реБрдбрджрдВрдЧрдИ рдХрд░рддреЗ рд╣реЛрдЧреЗредредредЁЯШВЁЯШВредред рдЗрд╕реАрд▓рд┐рдП рдЗрди рд▓реЛрдЧреЛрдВ рдиреЗредред рд░рд╛рд╕реНрддрд╛ рд░реЛрдХ рджрд┐рдпрд╛ рд▓рдЧрддрд╛ рд╣реИЁЯШоЁЯШВЁЯШВЁЯШВ,Hatespeech
Love you bhai,Not Hatespeech
рдиреАрд▓рд╛рдб рдЕрдВрдмреЗрдбрдХрд░ рдЬреНрдЮрд╛рди рджреЗ рд░рд╣рд╛ рд╣реИ рдЬрд╛рдХрд░ рджрд╛рд░реБ рдкреА,Hatespeech
Yes i have also felt this many time in  once one of my teachers called me in school and asked my caste openly and in clg a teacher who was brahmin he used to disrepect me on daily basis and teachers would give less internal marks to sc students ..initially i thought my performance could be bad thats why he gave me less marks but in next exam he i saw he gave full marks to my frnd who belongs to upper caste and then i saw her copy and trust me she was not good at study still she got full marks in internal exams and whole class whoever came upper caste teachers used to give them good internal marks ..,Not Hatespeech
Pls abolished word Dalit first !!! Schedule caste  is correct word,Not Hatespeech
Your end is near by you soon that you are saying(......),Hatespeech
pheko bhi itna jitna koi lapet sake .,Not Hatespeech
рд╕рдмрд╕реЗ рдмрдбрд╝рд╛ рдзрд░реНрдо рдорд╛рдирд╡ рдзрд░реНрдо рдЬрдп рдЖрджрд┐рд╡рд╛рд╕реА рдЬрдп рдЬреЛрд╣рд╛рд░,Not Hatespeech
Yadav samajh waadi party aapke saath hai samajh waadi party ki vote do,Not Hatespeech
Jai Mughalput jai jhantput,Hatespeech
hmara hak leke bathe ho dogle sale tum log,Hatespeech
"Pahle to dharm ki ma bhosda jo dharm ek insan ko insan nhi bnats wo kahen ka dharm kidhar ths allha jb dalit dowara muslim ki hattya hui tab Kahan tha wo bhagwan jab daliton ki hattya hui ,,??",Hatespeech
"рдЕрдкрдиреА рд╣реИрд╕рд┐рдпрдд рдмрдЪрд╛рдиреЗ рдХреЗ рд▓рд┐рдП рд▓рдбрд╝рд╛ рди рдХрд┐ рд▓реЛрдХрд╣рд┐рдд рдХреЗ рд▓рд┐рдП, рдЕрднреА рд╣рдиреБрдорд╛рди рдмреЗрдиреАрд╡рд╛рд▓ рдЬреА рдиреЗ рдЬреЛ рдХрд╣рд╛ рдХрдерд┐рдд рд░рд╛рдЬрдкреВрдд рдХреЗ рдмрд╛рд░реЗ рдореЗрдВ рд╡рд╣реА рд╕рддреНрдп рд╣реИ ЁЯШВЁЯШВ",Hatespeech
"Shame on you.
They are creating fabricated scenes.",Hatespeech
Very good decision indeed.,Not Hatespeech
Bol raha ki goli chali thi... Ye to yah bhi sakta hai ki goli lagi thiЁЯШВЁЯШВЁЯШВ,Not Hatespeech
Rajputo ne apni bhen betiya mohmaad ko se krne k liye bechi tho or badle me rupay lekr apna ghr bnaya hЁЯШВЁЯШВЁЯШВЁЯШВЁЯШВтАЛ,Hatespeech
"Dalit hindu nhi hai, sawarn apni maa chudayein",Hatespeech
"You guys should be jailed for create a division in our society, BBC is British er funded puppet so don't teach us harmony, your dirty history was really brutal",Hatespeech
Jay Bhim Jay Mim Tumahar Damad He Pata Hena ? ЁЯШВЁЯШВ Dr Ambedkar Ji Tere Jija Ram Das Athavle Tere Jija Ram Vilash Paswan Tere Jija Premchand Munshi Tere Jija Prakash Ambedkar Tere Jija Shahnavaz Hussan Tere Jija Mukhtar Abbas Naqvi Tere Jija Ek Kaam Kar Teri Maa Behan Ko Dhandhe Pe Bitha De Suvar Lindu ЁЯдг Gobar Gou Mutra Pine Wale Moghal Ke Haram Ki Pedaish ЁЯШБ,Hatespeech
"In bhadve netao ko agr reservation khtm krna h to shauk se Karein. Lekin fir ye cast system b khtm Karein.
Khair sabse pehle to ye neta he hatne chaiye jo samvidhan hatana chahtein hain. Sab khud thik ho jaega.",Hatespeech
"рджрд▓рд┐рдд рд╣реЛрдирд╛ рдХреЛрдИ рдмрдбрд╝реА рдмрд╛рдд рдирд╣реАрдВ рд╣реИ , рдЕрдВрдмреЗрдбрдХрд░рд╡рд╛рджреА рд╣реЛрдирд╛ рдмреЛрд╣рдд рдмрдбрд╝реА рдмрд╛рдд рд╣реЗ, рдЬрдп рднреАрдо",Not Hatespeech
baba sahab bhi dalito ke liye bhagwan hi haiтАЛ,Not Hatespeech
"The earliest application to the formal division into four social classes (without using the term┬аvarna) appears in the late Rigvedic┬аPurusha Sukta┬а(RV 10.90.11тАУ12), which has the Brahman, Rajanya (instead of Kshatriya), Vaishya and Shudra classes forming the mouth, arms, thighs and feet at the sacrifice of the primordial┬аPurusha, respectively:
When they divided Purusa how many portions did they make?
What do they call his mouth, his arms? What do they call his thighs and feet?
12. The Brahman was his mouth, of both his arms was the Rajanya made.
His thighs became the Vaishya, from his feet the Shudra was produced.",Not Hatespeech
рд╣рд┐рдиреНрджреВ рдзрд░реНрдо рдореЗрдВ рджрд▓рд┐рддреЛрдВ рдХрд╛ рдХреНрдпрд╛ рд╕реНрдерд╛рди рд╣реИред,Not Hatespeech
"рдЖрдЬ рд╕реЗ #рдЕрдВрдзрднрдХреНрдд рд╣рд░ #рд╣рд░реЗ рд░рдВрдЧ рдХрд╛ рдмрд╣рд┐рд╖реНрдХрд╛рд░ рдХрд░реЗрдЧреЗрдВ,
рдЬреИрд╕реЗ,рдЕрдВрдзрднрдХреНрдд #рд╣рд░реЗ-рднрд░реЗ рдкреЗрдбрд╝реЛрдВ рд╕реЗ #рдСрдХреНрд╕реАрдЬрди рдирд╣реАрдВ рд▓реЗрдЧреЗрдВ,
рдЬреИрд╕реЗ, рдЕрдВрдзрднрдХреНрдд рд╣рд░реА #рд╕рдмреНрдЬрд┐рдпрд╛рдБ рдирд╣реАрдВ рдЦрд╛рдПрдВрдЧреЗ,

рдЬреИрд╕реЗ рдЕрдВрдзрднрдХреНрдд рдЕрдм рд╣рд░реА #рдмрддреНрддреА рдкрд░ рдирд╣реАрдВ рд░реБрдХреЗрдВрдЧреЗ,

рдЕрдВрдбрднрдХреНрдд #рд░реЗрдб рдХреЛ рдЧреНрд░реАрди рдФрд░ #рдЧреНрд░реАрди рдХреЛ рд░реЗрдб рдкрдврд╝ рдХрд░ рдЙрд╕ рдЬрд╝реЛрди рдореЗрдВ рдкреНрд░рд╡реЗрд╢ рдХрд░реЗрдЧреЗрдВ, 
рдордЬрд╝рд╛ рд╣реА рдЖ рдЬрд╛рдПрдЧрд╛ЁЯдг",Hatespeech
Please read Mahatma Jyotiba Phule on colonization and the British government.,Not Hatespeech
Hale luaaЁЯШВЁЯШВ jus ЁЯШВ,Not Hatespeech
тАЛ bhi to muglo se pakadkar baithe ho or kashmiri pandit se ham kaise chod de,Hatespeech
"This is the issue with all religions. Dnt blame hindu for this. It can't be changed. Hard to believe. No one was intrstd to do this . However,  it is the reality..",Not Hatespeech
"рдЧреМ рд░рдХреНрд╖рд╛ рдХреЗ рдирд╛рдо рдкреЗ рдХреА рдЧрдИ рд╣рд┐рдВрд╕рд╛ рдХрд╛ рд╕рдорд░реНрдерди рдХреЛрдИ рдирд╣реАрдВ рдХрд░рддрд╛редрджрд▓рд┐рддреЛрдВ рдХреЗ рд╕рдВрдШ рд╕реЗ рдЬреБрдбрд╝рдирд╛ , рд╣рд┐рдВрджреВ рдзрд░реНрдо рдХреА рдПрдХрддрд╛ рддреЛ рдкреНрд░рдЧрд╛рдврд╝ рдХрд░рддрд╛ рд╣реИ, рд▓реЗрдХрд┐рди рдЬрд╛рддрд┐рдЧрдд рдорд╛рдирд╕рд┐рдХрддрд╛ рдХреА рд╡рдЬрд╣ рд╕реЗ рдкреАрдбрд╝рд┐рдд ,рдЬреЛ рд▓реЛрдЧ рд╣рд┐рдВрджреВ рдзрд░реНрдо рдХреЛ рдЫреЛрдбрд╝рд░рд╣реЗрдВ рд╣реИрдВ, рдЙрдирдХреЗ рд╡рд┐рд╖рдп рдореЗрдВ рднреА рд╣рд┐рдиреНрджреБрд╡рд╛рджрд┐рдпреЛрдВ рдХреЛ рд╕реЛрдВрдЪрдирд╛ рдкрдбрд╝реЗрдЧрд╛ред",Not Hatespeech
India couldn't  compete with China or the USA .,Not Hatespeech
Thakur jindabad Jay Sri ram,Not Hatespeech
рд╣рдореЗрдВ рджреБрд╢реНрдордиреА рднрдЧрд╡рд╛рди рд╕реЗ рдирд╣реАрдВ рд╣реИ редредредd рджреБрд╢реНрдордиреА hai редред рджрд▓рд┐рддреЛрдВ рдХреЛ рджреЗрдЦ рдХрд░ рдЬрд▓рдиреЗ рд╡рд╛рд▓реЛрдВ рд╕реЗ ЁЯШоЁЯШоЁЯШоЁЯТктШСя╕ПЁЯТптЬФя╕Предредред,Hatespeech
Reporter did not asked the important question about Ambedkar...,Not Hatespeech
base of hinduism is discrimination,Not Hatespeech
kaha se padhe ye log casetism ko science  se jod rahe hai,Not Hatespeech
"рдЕрдЧрд░ рддреБрдореНрд╣реЗрдВ рд╕рд╣реА рд░рд╛рд╕реНрддреЗ рдореЗрдВ рдЬрд╛рдирд╛ рд╣реИ рддреЛ рдЗрд╕реНрд▓рд╛рдо рдореЗрдВ рдЖрдУ рддреБрдореНрд╣реЗрдВ рдмрд░рд╛рдмрд░реА рдорд┐рд▓реЗрдЧреА
тЭд

рдПрдХ рд╣реА рд╕рдлрд╝ рдореЗрдВ рдЦрдбрд╝реЗ рд╣реЛ рдЧрдпреЗ рдорд╣рдореВрдж-рдУ-рдЕрдпрд╛рдЬрд╝||

рди рдХреЛрдИ рдмрдиреНрджрд╛ рд░рд╣рд╛ рдФрд░ рди рдХреЛрдИ рдмрдиреНрджрд╛ рдирд╡рд╛рдЬрд╝..",Not Hatespeech
IPS maderchod bika hua hai dalito ke against bol rha haiЁЯШа,Hatespeech
pure khandan ki history bata rhe Ho kya.,Hatespeech
Maa  ko  chodu  aise  dharm   ki    ki  mai Hindu   hun,Hatespeech
Right disition тЭдтЭд,Not Hatespeech
"Daliton ko Hindu dharm tyag dena chahiye, qki ye dharm unko hi control karne ke liye hai.",Hatespeech
are bhai tum baat samjo mera kehna ye h ki agar hum new gen bhi is casteism me believe krnege to kya hi antar reh gaya bhagwan ke samne koi ucha nahi koi nicha nahi aur meri gf aur me dono hi iit bhu me h aur hame pata h ki caste se upar bhi bahut kuch h,Not Hatespeech
Isme parmpara ka kya matlab hai bhai,Not Hatespeech
Daliths demand Dilltistan,Not Hatespeech
"biggest caste discrimination today is supported by the state itself through the caste based reservations. Reservation if really needed should be given only to economically weak , orphans , physically challenged kids ... but not caste based . Best would be reservations be replaced by scholarships n free coaching n training to deserving youngsters / kids  irrespective of caste . 
That will help big time not only improving man power n work force of our country but also break the whatever is left of caste based discrimination.",Not Hatespeech
"Dalit samaj aise dharm ka tyag kyon nhi kar deta. 
Dalit рдмреМрджреНрдз рдзрдореНрдо, рдИрд╕рд╛рдИ, рдореБрд╕реНрд▓рд┐рдо, kyon nhi ban jate.",Not Hatespeech
рдЯрд╛рдЗрдо рддреЗрдЬреА рд╕реЗ рдмрджрд▓ рд░рд╣рд╛ рд╣реИ...рд▓реЗрдХрд┐рди рдХреБрдЫ рдЯрд╛рдЗрдо рддреЛ рд▓рдЧреЗрдЧрд╛ рд╣реА...рдЖрдЬ рдкреЛрд░реА рд╣рд┐рдВрджреВ рд╕рдорд╛рдЬ рдпрд╣реА рдЪрд╛рд╣рддрд╛ рд╣реИ рдХрд┐ рдЬрд╛рддрд┐ рдкрддрд┐ рдХреА рдЦрд╛рдИ рдХрдо рд╣реЛ..рдлрд┐рд░ рд╡реЛ рдХрд┐рд╕реА рднреА рдХрд╛рд╕реНрдЯ рдХрд╛ рд╣реЛ...рд╢рд┐рдХреНрд╖рд╛ рдЗрд╕рдореЗрдВ рдорджрдж рдХрд░ рд░рд╣реА рд╣реИ,Not Hatespeech
"ЁЯШВ  budhon ne no muslimo kisi chamdi utaari thi, barma me  , to janwar kon hote hai",Hatespeech
caste is a joke,Hatespeech
рдХреБрдЫ рдирдпрд╛ рд▓рд╛ рджрд┐рдорд╛рдЧ рдХрдо рд╣реЛрддрд╛ рд╣реИ рдпреЗ рдкреБрд░рд╛рдирд╛ рд╣реЛ рдЧрдпрд╛ рд░реЗ,Hatespeech
"Yeh sachai hai is desh k dabe kuchle soshit varg ki
Ab samjh aata hai pehle Jo Kiya jaata tha kyu Kiya jaata tha",Not Hatespeech
Hota hai kahe pe apne yaha pe to thakur barat me light le kar dulha ke welcome me line laga ke rahte hai ЁЯШВЁЯШВЁЯШВЁЯШВ,Hatespeech
Not in India  same situation hppend with  me in Kansas  city in USA in 2000,Not Hatespeech
"рдЗрд╕ рдирдВрдж рдХреБрдорд╛рд░ рд░реИрдЧрд░ рдЗрд╕рдХреЛ рдЕрдкрдиреЗ рд╣реА рд░рд╛рдЬреНрдп рдХреЗ рдПрдХ RSS рдХреЗ рд╕рд╛рдереА  рднрдВрд╡рд░ рдореЗрдШрдмрдВрд╕реА рдХреЗ рджреНрд╡рд╛рд░рд╛ рд▓рд┐рдЦреА рдЧрдИ рдХрд┐рддрд╛рдм "" рдореИрдВ рдПрдХ рдХрд╛рд░ рд╕реЗрд╡рдХ рдерд╛ "" рдХреЛ рдЬрд░реВрд░ рдкрдврд╝рдиреА рдЪрд╛рд╣рд┐рдП. 9:38 9:40",Not Hatespeech
рджрд▓рд┐рдд рд╣рдЬрд╛рд░реЛрдВ рд╕рд╛рд▓реЛрдВ рд╕реЗ рдкрд┐рдЯ рд░рд╣реЗ рд╣реИрдВ рдордЧрд░ рдлрд┐рд░ рднреА рд╣рд┐рдВрджреВ рдмрдиреЗ рд╣реИрдВ рдХреНрдпреЛрдВрдХрд┐ рдЗрдирдХреЛ рдЕрдВрдз рднрдХреНрдд рдмрдирд╛ рджрд┐рдпрд╛ рдЧрдпрд╛ рд╣реИ рдпрд╣ рдПрдХ рд░рд╛рдЬрдирд┐рддрд┐рдХ рд╖рдбреНрдпрдВрддреНрд░ рд╣реИ рдбреЙрдХреНрдЯрд░ рд╕рд╛рд╣рдм рднреАрдорд░рд╛рд╡ рдЕрдореНрдмреЗрдбрдХрд░ рдиреЗ рд╣рд┐рдВрджреВ рдзрд░реНрдо рдЗрд╕реАрд▓рд┐рдП рдЫреЛрдбрд╝ рджрд┐рдпрд╛ рдерд╛ рдФрд░ рдмреМрджреНрдз рдмрди рдЧрдП рдереЗ,Hatespeech
Sc st OBC vs Thakur wadi sarkar,Hatespeech
"OBC SC ko prataadit karta hai, SC OBC milkar musalmaano ko tanng karte hain...ST ko aapaa mei ladwaya jaa raha hai... daliton ko samajhna hoga ki wo dalit usi Hindu dharm k kaaran hain jiski raksha karne ko nafrat failane lagte hain. Baaki comments mei boukhlaye log jo BBC ko hi ulta galiyan de rahe hain wo saabit kar rahe hain ki Hindu Dharm se jaatiwad jaisa zeher faila. Baaki RSS mei hone se kya hota hai??? RSS mei Muslim Manch bhi hai, toh kya Musalmanon ko barabari se izzat darja milta hai usse? Wahi haal daliton ka hai. Baaki ye baat sahi hai ki Congress ne bhi jaatiwaad ko hawa dene mei koi kasar nahin chhodi.",Hatespeech
Jay bhim ЁЯТЩ,Not Hatespeech
"""Jis din Mandir mein jaane wale logo ki lambi katare pustakalay ki aurr badhegi, us din Bharat desh ko Mahasakti banne se 
koi Nehi rok sakta ..."" 
Baba Saheb Ambedkar.",Not Hatespeech
Ye to hai ye sacchai hai main to roz face karta hu pehle chize smjh nahi ati thi par jese umar hoti hai log samjha dete hain,Not Hatespeech
Fight again again  my son  join another  religion,Hatespeech
"рдЕрдм рдЗрдирдХреЗ рдмреБрд░рд╛ рд╡рдХреНрдд рдЖ рдЧрдпрд╛ рд╣реИЁЯШВЁЯШВЁЯШВ
рдХрд▓рд╢ рдпрд╛рддреНрд░рд╛ рдирд┐рдХрд▓реЗрдВрдЧреЗЁЯШВЁЯШВ",Hatespeech
I observed ki Apke State me Castism jyada hota hai..Hamare Maharashtra me nhi. Maharashtra me bhi hota hai but aapke state me bahot jyada hai.,Not Hatespeech
in agama shiva temple and Vishnu temples priests are Brahmins,Not Hatespeech
"рдХрд┐рд╕реА рди рдХрд┐рд╕реА рд╕рдВрдЧрдарди рд╕реЗ рдЕрд╡рд╢реНрдп рдЬреБреЬреЗ,рд╡рд╣рд╛рдВ рдЗрди рд╕рдорд╕реНрдпрд╛рдУрдВ рдХрд╛ рдорд┐рд▓ рдЬреБрд▓ рдХрд░ рд╣рд▓  рдирд┐рдХрд▓реЗред
рдиреМрдХрд░реА рдЫреЛреЬрдирд╛ рдпреЗ рдХреЛрдИ рд╕рдорд╛рдзрд╛рди рдирд╣реА рд╣реИ,рдпрд╣реА рддреЛ рдпреЗ рдШрдЯрд┐рдпрд╛ рд╕реЛрдЪ рд░рдЦрдиреЗ рд╡рд╛рд▓реЗ рдЪрд╛рд╣рддреЗ рд╣реИредред",Not Hatespeech
Rss ko bjp ke liye vote chahiye bas aur kuch bhi nahi,Not Hatespeech
Bahut dukhad hai ye,Not Hatespeech
Hamare yaha  jati hi vyastha hai,Not Hatespeech
